book_id,title,author,author_2,additional_authors,ISBN,ISBN13,my_rating,average_rating,Publisher,Binding,number_of_pages,year_published,original_publication_year,date_read,date_added,Bookshelves,bookshelves_status,exclusive_self,my_review,Spoiler,private_notes,read_count,owned_copies,genre,
198137999,Summer Fridays,Suzanne Rindell,"Rindell, Suzanne",,593473914,9780593473917,0,3.98,Dutton,Paperback,432,2024.0,2024.0,,2025/03/03,to-read,to-read (#181),to-read,,,,0,0,Fiction,
54493401,Project Hail Mary,Andy Weir,"Weir, Andy",,593135202,9780593135204,0,4.5,Ballantine Books,Hardcover,476,2021.0,2021.0,,2025/03/03,to-read,to-read (#180),to-read,,,,0,0,Fiction,
199798006,We Used to Live Here,Marcus Kliewer,"Kliewer, Marcus",,1982198788,9781982198787,0,3.71,Atria/Emily Bestler Books,Hardcover,312,2024.0,2024.0,,2025/03/03,to-read,to-read (#179),to-read,,,,0,0,Fiction,
54785515,Four Thousand Weeks: Time Management for Mortals,Oliver Burkeman,"Burkeman, Oliver",,374159122,9780374159122,3,4.21,"Farrar, Straus and Giroux",Hardcover,271,2021.0,2021.0,2025/02/23,2024/11/14,,,read,,,,1,0,Self-Help,
62365896,How to Read a Book,Monica Wood,"Wood, Monica",,63243679,9780063243675,3,4.27,Mariner Books,Hardcover,288,2024.0,2024.0,2025/02/18,2024/06/02,,,read,,,,1,0,Fiction,
62226126,"The Last Devil to Die (Thursday Murder Club, #4)",Richard Osman,"Osman, Richard",,241512441,9780241512449,0,4.48,Viking,Hardcover,421,2023.0,2023.0,,2025/01/31,to-read,to-read (#178),to-read,,,,0,0,Fiction,
62047984,Yellowface,R.F. Kuang,"Kuang, R.F.",,,9780008532772,3,3.74,William Morrow,Hardcover,319,2023.0,2023.0,2025/01/12,2025/01/12,,,read,,,,1,0,Fiction,
208931300,Intermezzo,Sally Rooney,"Rooney, Sally",,374602638,9780374602635,4,3.92,"Farrar, Straus and Giroux",Hardcover,454,2024.0,2024.0,2024/12/31,2024/03/10,,,read,,,,1,0,Fiction,
185040105,No. 23 Burlington Square,Jenni Keer,"Keer, Jenni",,,9781785139550,4,4.19,Boldwood Books,Kindle Edition,426,2023.0,2023.0,2024/12/15,2024/05/29,,,read,,,,1,0,Fiction,
374233,If on a Winter’s Night a Traveler,Italo Calvino,"Calvino, Italo",William Weaver,,,0,4.02,L&OD Key Porter,Paperback,260,1982.0,1979.0,,2024/11/26,to-read,to-read (#177),to-read,,,,0,0,Fiction,
9547888,Attached: The New Science of Adult Attachment and How It Can Help You Find—and Keep—Love,Amir Levine,"Levine, Amir",Rachel Heller,1585428485,9781585428489,0,4.14,Tarcher,Hardcover,304,2010.0,2010.0,,2024/11/26,to-read,to-read (#176),to-read,,,,0,0,Psychology,
52962238,Principles for Dealing with the Changing World Order: Why Nations Succeed and Fail,Ray Dalio,"Dalio, Ray",,1982160276,9781982160272,4,4.28,Avid Reader Press / Simon & Schuster,Hardcover,576,2021.0,2021.0,2024/10/18,2022/07/08,,,read,,,,1,0,Business & Economics,
199393180,Invisible Doctrine: The Secret History of Neoliberalism,George Monbiot,"Monbiot, George",Peter Hutchison,593735153,9780593735152,0,4.43,Crown,Paperback,224,2024.0,2024.0,,2024/11/14,to-read,to-read (#175),to-read,,,,0,0,Political Science,
216857785,"Revenge of the Tipping Point: Overstories, Superspreaders, and the Rise of Social Engineering",Malcolm Gladwell,"Gladwell, Malcolm",,316575801,9780316575805,0,4.06,"Little, Brown and Company",Hardcover,352,2024.0,2024.0,,2024/10/25,to-read,to-read (#174),to-read,,,,0,0,Business & Economics,
123036004,The Berry Pickers,Amanda    Peters,"Peters, Amanda",,1646221958,9781646221950,0,4.12,Catapult,Hardcover,307,2023.0,2023.0,,2024/10/25,to-read,to-read (#173),to-read,,,,0,0,Fiction,
65678550,The Heaven & Earth Grocery Store,James   McBride,"McBride, James",,593422945,9780593422946,3,3.95,Riverhead Books,Hardcover,385,2023.0,2023.0,2024/09/08,2024/05/01,,,read,,,,1,0,Fiction,
59576064,All This Could Be Different,Sarah Thankam Mathews,"Mathews, Sarah Thankam",,593489128,9780593489123,0,3.83,Viking,Hardcover,320,2022.0,2022.0,,2024/08/23,to-read,to-read (#172),to-read,,,,0,0,Fiction,
61273339,The Double Life of Benson Yu,Kevin  Chong,"Chong, Kevin",,1668005492,9781668005491,0,3.53,Atria Books,Hardcover,224,2023.0,2023.0,,2024/08/23,to-read,to-read (#171),to-read,,,,0,0,Fiction,
176443380,Interesting Facts about Space,Emily R. Austin,"Austin, Emily R.",,1668014238,9781668014233,0,3.85,Atria Books,Hardcover,320,2024.0,2024.0,,2024/08/23,to-read,to-read (#170),to-read,,,,0,0,Fiction,
123856312,Landbridge: life in fragments,Y-Dang Troeung,"Troeung, Y-Dang",,1039008763,9781039008762,0,4.53,Knopf Canada,Hardcover,312,2023.0,,,2024/08/23,to-read,to-read (#169),to-read,,,,0,0,Biography & Autobiography,
55782639,"Set Boundaries, Find Peace: A Guide to Reclaiming Yourself",Nedra Glover Tawwab,"Tawwab, Nedra Glover",,593192109,9780593192108,0,4.27,Tarcherperigee,ebook,282,2021.0,2021.0,,2024/08/23,to-read,to-read (#168),to-read,,,,0,0,Self-Help,
1297123,The Black Obelisk,Erich Maria Remarque,"Remarque, Erich Maria",Denver Lindley,449912442,9780449912447,0,4.38,Random House Publishing Group,Paperback,434,1998.0,1956.0,,2024/08/20,to-read,to-read (#167),to-read,,,,0,0,Fiction,
58009109,The Power Law: Venture Capital and the Making of the New Future,Sebastian Mallaby,"Mallaby, Sebastian",,,9780525559993,0,4.43,Penguin Press,Hardcover,496,2022.0,2022.0,,2024/08/20,to-read,to-read (#166),to-read,,,,0,0,Business & Economics,
127482608,Come and Get It,Kiley Reid,"Reid, Kiley",,593328205,9780593328200,2,3.35,G.P. Putnam's Sons,Hardcover,400,2024.0,2024.0,2024/08/08,2024/04/30,,,read,,,,1,0,Fiction,
60321447,Chip War: The Fight for the World's Most Critical Technology,Chris   Miller,"Miller, Chris",,1982172002,9781982172008,5,4.43,Scribner,Hardcover,464,2022.0,2022.0,2024/08/06,2024/07/22,,,read,,,,1,0,Business & Economics,
1208111,Man the Manipulator,Everett L. Shostrom,"Shostrom, Everett L.",,553136429,9780553136425,0,3.91,Bantam Books,Hardcover,256,1967.0,1967.0,,2024/08/06,to-read,to-read (#165),to-read,,,,0,0,Psychology,
192703,Transactional Analysis in Psychotherapy (Condor Books),Eric Berne,"Berne, Eric",,285647768,9780285647763,0,4.1,Souvenir Press,Paperback,272,1996.0,1961.0,,2024/08/06,to-read,to-read (#164),to-read,,,,0,0,Psychology,
49176,Games People Play,Eric Berne,"Berne, Eric",,345032799,9780345032799,0,3.74,Penguin,Mass Market Paperback,192,1964.0,1964.0,,2024/08/06,to-read,to-read (#163),to-read,,,,0,0,Psychology,
3836,Don Quixote,Miguel de Cervantes Saavedra,"Saavedra, Miguel de Cervantes","John Rutherford, Roberto González Echevarría",,,0,3.9,Penguin Books,Paperback,1023,2003.0,1615.0,2016/7/20,2024/07/30,,,read,,,,1,0,Fiction,
41880609,On Earth We're Briefly Gorgeous,Ocean Vuong,"Vuong, Ocean",,525562028,9780525562023,0,4.03,Penguin Press,Hardcover,246,2019.0,2019.0,,2024/07/30,to-read,to-read (#162),to-read,,,,0,0,Fiction,
20820994,I'll Give You the Sun,Jandy Nelson,"Nelson, Jandy",,803734964,9780803734968,0,4.16,Dial Books,Hardcover,371,2014.0,2014.0,,2024/07/30,to-read,to-read (#161),to-read,,,,0,0,Fiction,
8143909,Foster,Claire Keegan,"Keegan, Claire",,571255655,9780571255658,0,4.32,Faber & Faber,Paperback,89,2010.0,2010.0,,2024/07/30,to-read,to-read (#160),to-read,,,,0,0,Fiction,
58662236,Small Things Like These,Claire Keegan,"Keegan, Claire",,802158749,9780802158741,4,4.15,Grove Press,Hardcover,128,2021.0,2021.0,2024/07/30,2024/05/01,,,read,,,,1,0,Fiction,
65137920,The Lost Bookshop,Evie  Woods,"Woods, Evie",Evie Gaughan,8609209,9780008609207,0,4.04,One More Chapter/HarperCollins UK,Kindle Edition,432,2023.0,2023.0,,2024/07/22,to-read,to-read (#159),to-read,,,,0,0,Fiction,
123857637,Never Split the Difference: Negotiating as if Your Life Depended on It,Chris Voss,"Voss, Chris",Tahl Raz,1847941494,9781847941497,4,4.36,Random House Business,Paperback,288,2023.0,2016.0,2024/07/19,2024/07/19,,,read,,,,1,0,Business & Economics,
194802722,Funny Story,Emily Henry,"Henry, Emily",,,,3,4.22,Berkley,Kindle Edition,400,2024.0,2024.0,2024/07/18,2023/08/11,,,read,,,,1,0,Fiction,
17331349,Think Like a Freak,Steven D. Levitt,"Levitt, Steven D.",Stephen J. Dubner,62218360,9780062218360,4,3.86,William Morrow,Kindle Edition,0,2014.0,2014.0,2024/07/14,2020/06/26,,,read,,,,1,0,Business & Economics,
176443453,Greta & Valdin,Rebecca K. Reilly,"Reilly, Rebecca K.",,1668028042,9781668028049,0,3.98,Avid Reader Press / Simon & Schuster,Hardcover,352,2024.0,2021.0,,2024/07/12,to-read,to-read (#158),to-read,,,,0,0,Fiction,
61918816,"Yours Truly (Part of Your World, #2)",Abby Jimenez,"Jimenez, Abby",,1538704390,9781538704394,3,4.31,Forever,Paperback,416,2023.0,2023.0,2024/06/24,2024/06/24,,,read,,,,1,0,Fiction,
181346634,There's Always This Year: On Basketball and Ascension,Hanif Abdurraqib,"Abdurraqib, Hanif",,593448790,9780593448793,0,4.33,Random House,Hardcover,352,2024.0,2024.0,,2024/06/22,to-read,to-read (#157),to-read,,,,0,0,Science,
186872432,Parasol Against the Axe,Helen Oyeyemi,"Oyeyemi, Helen",,593192362,9780593192368,0,3.1,Riverhead Books,Hardcover,272,2024.0,2024.0,,2024/06/22,to-read,to-read (#156),to-read,,,,0,0,Fiction,
6480781,Open,Andre Agassi,"Agassi, Andre","J.R. Moehringer, Андре Агаси",307268195,9780307268198,5,4.31,Knopf,Hardcover,388,2009.0,2009.0,2024/06/04,2024/06/04,,,read,,,,1,0,Biography & Autobiography,
69242,Made to Stick: Why Some Ideas Survive and Others Die,Chip Heath,"Heath, Chip",Dan Heath,1400064287,9781400064281,3,3.99,Random House,Hardcover,291,2007.0,2006.0,2024/05/25,2024/05/25,,,read,,,,1,0,Business & Economics,
3450744,"Nudge: Improving Decisions About Health, Wealth, and Happiness",Richard H. Thaler,"Thaler, Richard H.",Cass R. Sunstein,,9780143115267,0,3.84,Penguin Books,Paperback,260,2009.0,2008.0,,2024/05/25,to-read,to-read (#155),to-read,,,,0,0,Business & Economics,
96177629,Good Material,Dolly Alderton,"Alderton, Dolly",,241523672,9780241523674,4,3.86,Fig Tree,Paperback,345,2023.0,2023.0,2024/05/17,2023/11/27,,,read,,,,1,0,Fiction,
46041465,Everything I Know About Love,Dolly Alderton,"Alderton, Dolly",,62968785,9780062968784,0,3.97,Harper,Hardcover,368,2020.0,2018.0,,2024/05/14,to-read,to-read (#154),to-read,,,,0,0,Biography & Autobiography,
58446244,When We Lost Our Heads,Heather O'Neill,"O'Neill, Heather",,593422902,9780593422908,0,3.96,Riverhead Books,Hardcover,448,2022.0,2022.0,,2024/05/01,to-read,to-read (#153),to-read,,,,0,0,Fiction,
58446227,Sea of Tranquility,Emily St. John Mandel,"Mandel, Emily St. John",,593321448,9780593321447,0,4.07,Knopf,Hardcover,259,2022.0,2022.0,,2024/05/01,to-read,to-read (#152),to-read,,,,0,0,Fiction,
48570454,Transcendent Kingdom,Yaa Gyasi,"Gyasi, Yaa",,,,0,4.11,Knopf,Hardcover,264,2020.0,2020.0,,2024/04/30,to-read,to-read (#151),to-read,,,,0,0,Fiction,
14891,A Tree Grows in Brooklyn,Betty  Smith,"Smith, Betty",,61120073,9780061120077,0,4.3,HarperCollins Publishers,Paperback,496,2006.0,1943.0,,2024/04/30,to-read,to-read (#150),to-read,,,,0,0,Fiction,
43848929,Talking to Strangers: What We Should Know About the People We Don't Know,Malcolm Gladwell,"Gladwell, Malcolm",,316478520,9780316478526,4,4.0,"Little, Brown and Company",Hardcover,388,2019.0,2019.0,2024/04/30,2024/04/30,,,read,,,,1,0,Science,
55252533,"Nine Nasty Words: English in the Gutter — Then, Now, and Forever",John McWhorter,"McWhorter, John",,593188802,9780593188804,3,3.95,Avery,Kindle Edition,286,2021.0,2021.0,2024/04/21,2024/04/21,,,read,,,,1,0,Language Arts,
46168432,Duped: Truth-Default Theory and the Social Science of Lying and Deception,Timothy R. Levine,"Levine, Timothy R.",,817320415,9780817320416,0,3.53,University Alabama Press,Hardcover,384,2019.0,,,2024/04/20,to-read,to-read (#149),to-read,,,,0,0,Business & Economics,
181110028,The Great Divide,Cristina Henríquez,"Henríquez, Cristina",,63291320,9780063291324,0,3.67,Ecco,Hardcover,321,2024.0,2024.0,,2024/04/17,to-read,to-read (#148),to-read,,,,0,0,Fiction,
63193458,Tiny Beautiful Things: Advice from Dear Sugar,Cheryl Strayed,"Strayed, Cheryl",Steve Almond,593685210,9780593685211,0,4.16,Vintage,Paperback,400,2022.0,2012.0,,2024/04/17,to-read,to-read (#147),to-read,,,,0,0,Biography & Autobiography,
45047384,"The House in the Cerulean Sea (Cerulean Chronicles, #1)",T.J. Klune,"Klune, T.J.",,,,4,4.39,Tor Books,Kindle Edition,394,2020.0,2020.0,2024/04/11,2024/02/04,,,read,,,,1,0,Fiction,
24886729,Stranger Than We Can Imagine: Making Sense of the Twentieth Century,John Higgs,"Higgs, John",J.M.R. Higgs,1593766262,9781593766269,0,4.24,Soft Skull,Paperback,356,2015.0,2015.0,,2024/04/08,to-read,to-read (#146),to-read,,,,0,0,History,
58684524,"Part of Your World (Part of Your World, #1)",Abby Jimenez,"Jimenez, Abby",,1538704374,9781538704370,3,4.28,Forever,Paperback,389,2022.0,2022.0,2024/03/26,2024/02/04,,,read,,,,1,0,Fiction,
34912895,The Great Alone,Kristin Hannah,"Hannah, Kristin",,,,3,4.44,St. Martin's Press,Kindle Edition,435,2018.0,2018.0,2024/03/23,2022/01/24,,,read,,,,1,0,Fiction,
40136,"The Nasty Bits: Collected Varietal Cuts, Usable Trim, Scraps, and Bones",Anthony Bourdain,"Bourdain, Anthony",,1582344515,9781582344515,4,3.89,Bloomsbury USA,Hardcover,288,2006.0,2005.0,2023/01/15,2023/01/15,,,read,,,,1,0,Biography & Autobiography,
62952130,The Vaster Wilds,Lauren Groff,"Groff, Lauren",,593418395,9780593418390,3,3.76,Riverhead Books,Hardcover,272,2023.0,2016.0,2024/03/07,2024/02/02,,,read,,,,1,0,Fiction,
58884736,The Measure,Nikki Erlick,"Erlick, Nikki",,63204207,9780063204201,2,3.98,William Morrow,Hardcover,353,2022.0,2022.0,2024/02/19,2023/11/19,,,read,,,,1,0,Fiction,
54304124,Laziness Does Not Exist,Devon  Price,"Price, Devon",,1982140100,9781982140106,0,3.92,Atria Books,Hardcover,256,2021.0,2021.0,,2024/02/19,to-read,to-read (#145),to-read,,,,0,0,Self-Help,
58210933,Trust,Hernan Diaz,"Diaz, Hernan",,593420314,9780593420317,0,3.82,Riverhead Books,Hardcover,402,2022.0,2022.0,,2024/02/17,to-read,to-read (#144),to-read,,,,0,0,Fiction,
53487237,"A Swim in a Pond in the Rain: In Which Four Russians Give a Master Class on Writing, Reading, and Life",George Saunders,"Saunders, George",,1984856049,9781984856043,4,4.54,Random House,Kindle Edition,403,2021.0,2021.0,2024/02/04,2023/11/17,,,read,,,,1,0,Language Arts,
27071490,Homegoing,Yaa Gyasi,"Gyasi, Yaa",,,,5,4.47,Alfred A. Knopf,Hardcover,305,2016.0,2016.0,2024/02/04,2022/09/17,,,read,,,,1,0,Fiction,
50093704,In Five Years,Rebecca Serle,"Serle, Rebecca",,1982137444,9781982137441,2,3.78,Atria Books,Hardcover,272,2020.0,2020.0,2024/01/21,2024/01/21,,,read,,,,1,0,Fiction,
61102803,Invention and Innovation: A Brief History of Hype and Failure,Vaclav Smil,"Smil, Vaclav",,262048051,9780262048057,0,3.86,The MIT Press,Hardcover,232,2023.0,2023.0,,2024/01/16,to-read,to-read (#143),to-read,,,,0,0,Technology & Engineering,
145624737,Not the End of the World: How We Can Be the First Generation to Build a Sustainable Planet,Hannah Ritchie,"Ritchie, Hannah",,,9780316536752,0,4.26,"Little, Brown Spark",Hardcover,352,2024.0,2024.0,,2024/01/16,to-read,to-read (#142),to-read,,,,0,0,Business & Economics,
52346471,Firekeeper’s Daughter,Angeline Boulley,"Boulley, Angeline",,,,5,4.32,"Henry, Holt and Co. (BYR)",Hardcover,496,2021.0,2021.0,2024/01/10,2023/07/10,,,read,,,,1,0,Fiction,
60318890,"The Winners (Beartown, #3)",Fredrik Backman,"Backman, Fredrik",,,,4,4.45,Atria Books,Kindle Edition,671,2022.0,2022.0,2023/11/28,2023/11/28,,,read,,,,1,0,Fiction,
61355379,Halal Sex: The Intimate Lives of Muslim Women in North America,Sheima Benembarek,"Benembarek, Sheima",,735244227,9780735244221,0,3.86,Viking,Paperback,240,2023.0,2023.0,,2023/11/14,to-read,to-read (#141),to-read,,,,0,0,Biography & Autobiography,
58733693,Remarkably Bright Creatures,Shelby Van Pelt,"Pelt, Shelby Van",,63204150,9780063204157,3,4.37,Ecco,Hardcover,368,2022.0,,2023/11/10,2023/11/10,,,read,,,,1,0,Fiction,
59364173,I'm Glad My Mom Died,Jennette McCurdy,"McCurdy, Jennette",,,,4,4.45,Simon & Schuster,ebook,320,2022.0,2022.0,2023/11/03,2023/02/04,,,read,,,,1,0,Biography & Autobiography,
174713,The Lessons of History,Will Durant,"Durant, Will",Ariel Durant,1567310249,9781567310245,0,4.06,Fine Communications,Hardcover,119,1997.0,,,2023/10/27,to-read,to-read (#140),to-read,,,,0,0,History,
54898389,The Almanack of Naval Ravikant: A Guide to Wealth and Happiness,Eric Jorgenson,"Jorgenson, Eric",,,9781544514208,0,4.43,Magrathea Publishing,Kindle Edition,244,2020.0,2020.0,,2023/10/27,to-read,to-read (#139),to-read,,,,0,0,Business & Economics,
58107157,Gene Eating: The Story of Human Appetite,Giles Yeo,"Yeo, Giles",,1841882933,9781841882932,5,4.44,Orion Spring,Paperback,368,2020.0,,2023/10/15,2023/04/17,,,read,,,,1,0,Science,
53308149,Let Me Tell You What I Mean,Joan Didion,"Didion, Joan",,,9780593318485,4,3.84,Knopf,Hardcover,149,2021.0,2021.0,2023/10/02,2023/10/02,,,read,,,,1,0,Literary Collections,
59948520,In Memoriam,Alice Winn,"Winn, Alice",,593534565,9780593534564,0,4.52,Knopf,Hardcover,382,2023.0,2023.0,,2023/09/25,to-read,to-read (#138),to-read,,,,0,0,Fiction,
35133922,Educated,Tara Westover,"Westover, Tara",,399590501,9780399590504,5,4.47,Random House,Hardcover,352,2018.0,2018.0,2023/09/20,2023/09/20,,,read,,,,1,0,Biography & Autobiography,
55347785,Think Big: Take Small Steps and Build the Future You Want,Grace Lordan,"Lordan, Grace",,241420164,9780241420164,0,3.93,Penguin Life,Paperback,336,2021.0,,,2023/09/11,to-read,to-read (#137),to-read,,,,0,0,Business & Economics,
36672820,Brother,David Chariandy,"Chariandy, David",,1635572045,9781635572049,0,3.99,Bloomsbury USA,Hardcover,192,2018.0,2017.0,,2023/09/06,to-read,to-read (#136),to-read,,,,0,0,Fiction,
44846,The Culture Code: An Ingenious Way to Understand Why People Around the World Live and Buy as They Do,Clotaire Rapaille,"Rapaille, Clotaire",Barrett Whitener,767920562,9780767920568,3,3.94,Crown Business,Hardcover,208,2006.0,2006.0,2023/08/05,2023/08/05,,,read,,,,1,0,Business & Economics,
254308,Oblomov,Ivan Goncharov,"Goncharov, Ivan","Stephen Pearl, Galya Diment",1933480092,9781933480091,3,4.13,Bunim & Bannigan Ltd,Paperback,586,2006.0,1859.0,2016/7/20,2016/04/01,,,read,,,,1,0,Fiction,
60243188,Bliss Montage,Ling  Ma,"Ma, Ling",,374293511,9780374293512,3,3.9,"Farrar, Straus and Giroux",Hardcover,228,2022.0,2022.0,2023/07/26,2023/02/13,,,read,,,,1,0,Fiction,
9361589,The Night Circus,Erin Morgenstern,"Morgenstern, Erin",,,9780385534635,3,4.01,Doubleday,Hardcover,506,2011.0,2011.0,2023/07/17,2023/05/29,,,read,,,,1,0,Fiction,
2195464,What I Talk About When I Talk About Running,Haruki Murakami,"Murakami, Haruki",Philip Gabriel,,,3,3.87,Knopf Publishing Group,Hardcover,188,2008.0,2007.0,2023/07/10,2023/05/29,,,read,,,,1,0,Literary Collections,
63251764,Wasteland: The Secret World of Waste and the Urgent Search for a Cleaner Future,Oliver Franklin-Wallis,"Franklin-Wallis, Oliver",,306827115,9780306827112,0,4.45,Grand Central Publishing,Hardcover,400,2023.0,2023.0,,2023/07/06,to-read,to-read (#135),to-read,,,,0,0,Business & Economics,
40746437,Woe from Wit (Russian Edition),Alexander Griboyedov,"Griboyedov, Alexander",مؤمن الوزان,5519578273,9785519578271,5,4.14,Book on Demand Ltd.,Hardcover,464,2018.0,1825.0,2021/02/05,2022/02/17,,,read,,,,1,0,Fiction,
58784475,"Tomorrow, and Tomorrow, and Tomorrow",Gabrielle Zevin,"Zevin, Gabrielle",,735243344,9780735243347,5,4.14,Knopf,Hardcover,401,2022.0,2022.0,2023/06/29,2022/12/09,,,read,,,,1,0,Fiction,
25744928,Deep Work: Rules for Focused Success in a Distracted World,Cal Newport,"Newport, Cal",,1455586692,9781455586691,0,4.17,Grand Central Publishing,Hardcover,296,2016.0,2016.0,,2023/06/20,to-read,to-read (#134),to-read,,,,0,0,Business & Economics,
35959740,Circe,Madeline Miller,"Miller, Madeline",,316556343,9780316556347,4,4.23,"Little, Brown and Company",Hardcover,393,2018.0,2018.0,2023/06/14,2023/05/29,,,read,"A very tasteful take on Greek Mythology. Heavily character driven rather than plot driven story. I enjoyed revisiting classic myths and tales from Greek Mythology with the added powerful commentary on morality, strengths and weaknesses of human nature. ",,,1,0,Fiction,
61718053,Happy Place,Emily Henry,"Henry, Emily",,593441273,9780593441275,3,3.97,Berkley,Hardcover,400,2023.0,2023.0,2023/06/07,2022/10/17,,,read,,,,1,0,Fiction,
61153739,Outlive: The Science & Art of Longevity,Peter Attia,"Attia, Peter",Bill Gifford,593236599,9780593236598,0,4.36,Harmony,Hardcover,496,2023.0,2023.0,,2023/05/31,to-read,to-read (#133),to-read,,,,0,0,Fiction,
29056083,"Harry Potter and the Cursed Child: Parts One and Two (Harry Potter, #8)",J.K. Rowling,"Rowling, J.K.","Jack Thorne, John Tiffany",540027340,9780540027347,0,3.48,"Little, Brown",Hardcover,343,2016.0,2016.0,,2023/05/29,to-read,to-read (#132),to-read,,,,0,0,Fiction,
54508798,"The Guncle (The Guncle, #1)",Steven  Rowley,"Rowley, Steven",,525542280,9780525542285,0,4.13,G.P. Putnam's Sons,Hardcover,326,2021.0,2021.0,,2023/05/29,to-read,to-read (#131),to-read,,,,0,0,Fiction,
62049729,The Celebrants,Steven  Rowley,"Rowley, Steven",,593540425,9780593540428,0,3.63,G.P. Putnam's Sons,Hardcover,320,2023.0,2023.0,,2023/05/29,to-read,to-read (#130),to-read,,,,0,0,Fiction,
45152372,How to Stop Time,Matt Haig,"Haig, Matt",,525522891,9780525522898,0,3.83,Penguin Books,Paperback,339,2019.0,2018.0,,2023/05/29,to-read,to-read (#129),to-read,,,,0,0,Fiction,
58395042,"The League of Gentlewomen Witches (Dangerous Damsels, #2)",India Holton,"Holton, India",,593200187,9780593200186,4,3.9,Berkley,Paperback,352,2022.0,2022.0,2023/05/25,2023/05/25,,,read,,,,1,0,Fiction,
63248286,Good Girl,Anna Fitzpatrick,"Fitzpatrick, Anna",,1770417532,9781770417533,2,3.23,ECW Press,Paperback,304,2023.0,2023.0,2023/05/08,2022/11/26,,,read,,,,1,0,Fiction,
53317420,The Genome Odyssey: Medical Mysteries and the Incredible Quest to Solve Them,Euan Angus Ashley,"Ashley, Euan Angus",,1250234999,9781250234995,0,4.25,Celadon Books,Hardcover,400,2021.0,2021.0,,2023/05/01,to-read,to-read (#128),to-read,,,,0,0,Science,
60224365,"Before Your Memory Fades (Before the Coffee Gets Cold, #3)",Toshikazu Kawaguchi,"Kawaguchi, Toshikazu",Geoffrey Trousselot,369722698,9780369722690,3,3.9,Hanover Square Press,ebook,220,2022.0,2018.0,2023/04/30,2023/04/30,,,read,,,,1,0,Fiction,
52772417,"Kingdom of the Cursed (Kingdom of the Wicked, #2)",Kerri Maniscalco,"Maniscalco, Kerri",,1529350506,9781529350500,4,4.1,Hodder & Stoughton,Hardcover,437,2021.0,2021.0,2023/04/29,2023/02/06,,,read,,,,1,0,Fiction,
54373691,"Tales from the Café (Before the Coffee Gets Cold, #2)",Toshikazu Kawaguchi,"Kawaguchi, Toshikazu",Geoffrey Trousselot,1529050863,9781529050868,4,3.98,Picador,Paperback,192,2020.0,2017.0,2023/04/18,2023/04/18,,,read,,,,1,0,Fiction,
66354,Flow: The Psychology of Optimal Experience,Mihály Csíkszentmihályi,"Csíkszentmihályi, Mihály",,60920432,9780060920432,0,4.11,Harper Perennial,Paperback,303,1990.0,1990.0,,2023/04/10,to-read,to-read (#127),to-read,,,,0,0,Psychology,
40819522,"Brilliant, Brilliant, Brilliant Brilliant Brilliant",Joel Golby,"Golby, Joel",,,9780525562771,3,3.51,Anchor,Paperback,304,2019.0,2019.0,2023/04/09,2022/09/08,,,read,,,,1,0,Business & Economics,
40389418,Creativity: Flow and the Psychology of Discovery and Invention,Mihály Csíkszentmihályi,"Csíkszentmihályi, Mihály",,61844039,9780061844034,0,4.07,HarperCollins e-books,Kindle Edition,466,2009.0,1996.0,,2023/04/09,to-read,to-read (#126),to-read,,,,0,0,Psychology,
58132545,The Naked Don't Fear the Water: An Underground Journey with Afghan Refugees,Matthieu Aikins,"Aikins, Matthieu",,63058588,9780063058583,0,4.18,Harper,Hardcover,336,2022.0,2022.0,,2023/04/09,to-read,to-read (#125),to-read,,,,0,0,Political Science,
106835,The Intelligent Investor,Benjamin Graham,"Graham, Benjamin","Jason Zweig, Warren Buffett",60555661,9780060555665,0,4.24,Harper Business,Paperback,623,2006.0,1949.0,,2023/04/09,to-read,to-read (#124),to-read,,,,0,0,Business & Economics,
4137,Me Talk Pretty One Day,David Sedaris,"Sedaris, David",,349113912,9780349113913,3,4.01,"Little, Brown and Company",Paperback,272,2001.0,2000.0,2023/04/05,2022/10/18,,,read,,,,1,0,Literary Collections,
44421460,"Before the Coffee Gets Cold (Before the Coffee Gets Cold, #1)",Toshikazu Kawaguchi,"Kawaguchi, Toshikazu",Geoffrey Trousselot,1529029589,9781529029581,4,3.68,Picador,Paperback,213,2019.0,2015.0,2023/04/02,2022/10/30,,,read,,,,1,0,Fiction,
57773248,Notes on an Execution,Danya Kukafka,"Kukafka, Danya",,63052733,9780063052734,4,4.06,William Morrow,Hardcover,306,2022.0,2022.0,2023/03/29,2022/08/23,,,read,,,,1,0,Fiction,
22822858,A Little Life,Hanya Yanagihara,"Yanagihara, Hanya",,385539258,9780385539258,0,4.3,Doubleday,Hardcover,720,2015.0,2015.0,,2023/03/25,to-read,to-read (#123),to-read,,,,0,0,Fiction,
57739876,To Paradise,Hanya Yanagihara,"Yanagihara, Hanya",,385547935,9780385547932,0,3.74,Doubleday,Hardcover,720,2022.0,2022.0,,2023/03/25,to-read,to-read (#122),to-read,,,,0,0,Fiction,
55502861,"The Wisteria Society of Lady Scoundrels (Dangerous Damsels, #1)",India Holton,"Holton, India",,593200160,9780593200162,4,3.66,Berkley,Paperback,336,2021.0,2021.0,2023/03/09,2023/03/09,,,read,,,,1,0,Fiction,
52038578,Blood and Oil: Mohammed bin Salman's Ruthless Quest for Global Power,Bradley Hope,"Hope, Bradley",Justin Scheck,306846667,9780306846663,0,4.25,Grand Central Publishing,Hardcover,368,2020.0,2020.0,,2023/03/06,to-read,to-read (#121),to-read,,,,0,0,Business & Economics,
48889983,Calling Bullshit: The Art of Skepticism in a Data-Driven World,Carl T. Bergstrom,"Bergstrom, Carl T.",Jevin D. West,525509186,9780525509189,0,4.11,Random House,Hardcover,336,2020.0,2020.0,,2023/03/06,to-read,to-read (#120),to-read,,,,0,0,Business & Economics,
16299,And Then There Were None,Agatha Christie,"Christie, Agatha",,312330871,9780312330873,0,4.28,St. Martin's Griffin,Paperback,264,2004.0,1939.0,,2023/03/04,to-read,to-read (#119),to-read,,,,0,0,Fiction,
1713426,Predictably Irrational: The Hidden Forces That Shape Our Decisions,Dan Ariely,"Ariely, Dan",,,,4,4.12,HarperCollins Canada ,Hardcover,247,2008.0,2008.0,2023/03/03,2022/10/08,,,read,,,,1,0,Business & Economics,
59228196,These Impossible Things,Salma El-Wardany,"El-Wardany, Salma",,1538709309,9781538709306,0,4.22,Grand Central Publishing,Hardcover,400,2022.0,2022.0,,2023/03/01,to-read,to-read (#118),to-read,,,,0,0,Fiction,
43427042,The Seven Necessary Sins for Women and Girls,Mona Eltahawy,"Eltahawy, Mona",,807013811,9780807013816,4,4.21,Beacon Press,Hardcover,216,2019.0,2019.0,2023/02/22,2022/12/04,,,read,,,,1,0,Biography & Autobiography,
58673061,NSFW,Isabel Kaplan,"Kaplan, Isabel",,1250822890,9781250822895,0,3.48,Henry Holt and Co.,Hardcover,272,2022.0,2022.0,,2023/02/22,to-read,to-read (#117),to-read,,,,0,0,Fiction,
13537891,NW,Zadie Smith,"Smith, Zadie",,241144140,9780241144145,0,3.48,Hamish Hamilton,Hardcover,296,2012.0,2012.0,,2023/02/21,to-read,to-read (#116),to-read,,,,0,0,Fiction,
53414230,Open Water,Caleb Azumah Nelson,"Nelson, Caleb Azumah",,241448778,9780241448779,4,4.02,VIKIN,Hardcover,145,2021.0,2021.0,2023/02/21,2022/10/30,,,read,,,,1,0,Fiction,
57938995,Don't Cry for Me,Daniel     Black,"Black, Daniel",,,9781335425737,0,4.36,Hanover Square Press,Hardcover,301,2022.0,2022.0,,2023/02/18,to-read,to-read (#115),to-read,,,,0,0,Fiction,
36373463,"Us Against You (Beartown, #2)",Fredrik Backman,"Backman, Fredrik",,1501160796,9781501160790,4,4.37,Atria Books,Hardcover,448,2018.0,2017.0,2023/02/15,2023/02/15,,,read,,,,1,0,Fiction,
33413128,"Beartown (Beartown, #1)",Fredrik Backman,"Backman, Fredrik",Neil Smith,,,5,4.29,Simon & Schuster,ebook,432,2017.0,2016.0,2023/01/09,2023/01/09,,,read,,,,1,0,Fiction,
4406,East of Eden,John Steinbeck,"Steinbeck, John",,142000655,9780142000656,0,4.42,Penguin Books,Paperback,601,2002.0,1952.0,,2023/02/13,to-read,to-read (#114),to-read,,,,0,0,Fiction,
18693771,"The Body Keeps the Score: Brain, Mind, and Body in the Healing of Trauma",Bessel van der Kolk,"Kolk, Bessel van der",,670785938,9780670785933,0,4.37,Viking,Hardcover,464,2014.0,2014.0,,2023/02/13,to-read,to-read (#113),to-read,,,,0,0,Psychology,
59808607,The Book of Goose,Yiyun Li,"Li, Yiyun",,,9780374606343,0,3.7,"Farrar, Straus and Giroux",Hardcover,348,2022.0,2022.0,,2023/02/13,to-read,to-read (#112),to-read,,,,0,0,Fiction,
57224204,The Seven Moons of Maali Almeida,Shehan Karunatilaka,"Karunatilaka, Shehan",,1908745908,9781908745903,0,3.91,Sort of Books,Hardcover,386,2022.0,2022.0,,2023/02/08,to-read,to-read (#111),to-read,,,,0,0,Fiction,
52735921,"Kingdom of the Wicked (Kingdom of the Wicked, #1)",Kerri Maniscalco,"Maniscalco, Kerri",,316428469,9780316428460,3,3.87,Jimmy Patterson Books,Hardcover,372,2020.0,2020.0,2023/02/06,2023/02/06,,,read,,,,1,0,Fiction,
24113,"Gödel, Escher, Bach: An Eternal Golden Braid",Douglas R. Hofstadter,"Hofstadter, Douglas R.",,465026567,9780465026562,0,4.3,Basic Books,Paperback,777,1999.0,1979.0,,2023/02/06,to-read,to-read (#110),to-read,,,,0,0,Fiction,
13530973,Antifragile: Things That Gain from Disorder,Nassim Nicholas Taleb,"Taleb, Nassim Nicholas",,1400067820,9781400067824,0,4.1,Random House,Hardcover,426,2012.0,2012.0,,2023/02/06,to-read,to-read (#109),to-read,,,,0,0,Business & Economics,
36206591,Love and Other Words,Christina Lauren,"Lauren, Christina",,1501190539,9781501190537,0,4.24,Gallery Books,Hardcover,432,2018.0,2018.0,,2023/02/04,to-read,to-read (#108),to-read,,,,0,0,Fiction,
58838847,The War on the West,Douglas Murray,"Murray, Douglas",,63162024,9780063162020,0,4.28,Broadside Books,Hardcover,308,2022.0,2022.0,,2023/02/04,to-read,to-read (#107),to-read,,,,0,0,Political Science,
60190659,"What If? 2: Additional Serious Scientific Answers to Absurd Hypothetical Questions (What If?, #2)",Randall Munroe,"Munroe, Randall",,525537112,9780525537113,3,4.37,Riverhead Books,Hardcover,354,2022.0,2022.0,2023/01/29,2023/01/29,,,read,,,,1,0,Science,
60142367,Our Missing Hearts,Celeste Ng,"Ng, Celeste",,735245347,9780735245341,3,3.8,Viking,Hardcover,335,2022.0,2022.0,2023/01/23,2022/09/28,,,read,,,,1,0,Fiction,
35696171,"Enlightenment Now: The Case for Reason, Science, Humanism, and Progress",Steven Pinker,"Pinker, Steven",,525427570,9780525427575,0,4.2,Viking,Hardcover,576,2018.0,2018.0,,2023/01/20,to-read,to-read (#106),to-read,,,,0,0,Science,
50870424,The Skin We're In: A Year of Black Resistance and Power,Desmond Cole,"Cole, Desmond",,,9780385686341,5,4.45,Doubleday Canada,Hardcover,248,2020.0,2020.0,2023/01/16,2023/01/16,,,read,,,,1,0,Biography & Autobiography,
33608721,Tell Me How It Ends: An Essay in Forty Questions,Valeria Luiselli,"Luiselli, Valeria",Lizzie Davis,1566894956,9781566894951,0,4.39,Coffee House Press,Paperback,128,2017.0,2016.0,,2023/01/08,to-read,to-read (#105),to-read,,,,0,0,Literary Collections,
50659471,"A Court of Frost and Starlight (A Court of Thorns and Roses, #3.5)",Sarah J. Maas,"Maas, Sarah J.",,1635575621,9781635575620,3,3.73,Bloomsbury Publishing,Paperback,272,2020.0,2019.0,2022/12/30,2022/12/30,,,read,,,,1,0,Fiction,
15929764,What Are You Looking At?: 150 Years of Modern Art in a Nutshell,Will Gompertz,"Gompertz, Will",,670920495,9780670920495,0,4.18,Viking,Hardcover,464,2012.0,2012.0,,2022/12/29,to-read,to-read (#104),to-read,,,,0,0,Art,
38447,"The Handmaid’s Tale (The Handmaid's Tale, #1)",Margaret Atwood,"Atwood, Margaret",,,9780385490818,4,4.15,Anchor Books,Paperback,311,1998.0,1985.0,2022/12/26,2022/12/26,,,read,,,,1,0,Fiction,
22245334,"The Utopia of Rules: On Technology, Stupidity, and the Secret Joys of Bureaucracy",David Graeber,"Graeber, David",,1612193749,9781612193748,0,4.03,Melville House,Hardcover,261,2015.0,2013.0,,2022/12/24,to-read,to-read (#103),to-read,,,,0,0,Political Science,
56587388,"How the World Really Works: A Scientist's Guide to Our Past, Present and Future",Vaclav Smil,"Smil, Vaclav",,241454409,9780241454404,0,3.96,Viking,Paperback,326,2022.0,2022.0,,2022/12/24,to-read,to-read (#102),to-read,,,,0,0,Business & Economics,
60435878,Carrie Soto Is Back,Taylor Jenkins Reid,"Reid, Taylor Jenkins",,593158687,9780593158685,4,4.2,Ballantine Books,Hardcover,384,2022.0,2022.0,2022/12/22,2022/08/24,,,read,,,,1,0,Fiction,
63697,The Man Who Mistook His Wife for a Hat and Other Clinical Tales,Oliver Sacks,"Sacks, Oliver",,,,3,4.05,Touchstone,Paperback,243,1998.0,1985.0,2018/03/15,2021/08/08,,,read,,,,1,0,Science,
21413662,What If?: Serious Scientific Answers to Absurd Hypothetical Questions,Randall Munroe,"Munroe, Randall",,544272994,9780544272996,3,4.14,Dey Street Books,Hardcover,303,2014.0,2014.0,2017/08/15,2021/06/23,,,read,,,,1,0,Science,
50743767,Between Two Kingdoms: A Memoir of a Life Interrupted,Suleika Jaouad,"Jaouad, Suleika",,399588582,9780399588587,0,4.43,Random House,Hardcover,352,2021.0,2021.0,,2022/12/09,to-read,to-read (#101),to-read,,,,0,0,Biography & Autobiography,
57693618,Unmasked: My Life Solving America's Cold Cases,Paul Holes,"Holes, Paul",Robin Gaby Fisher,1250622794,9781250622792,0,4.1,Celadon Books,Hardcover,288,2022.0,2022.0,,2022/12/09,to-read,to-read (#100),to-read,,,,0,0,Biography & Autobiography,
34427200,"The Four: The Hidden DNA of Amazon, Apple, Facebook, and Google",Scott Galloway,"Galloway, Scott",,735213658,9780735213654,2,3.83,Portfolio,Hardcover,320,2017.0,2017.0,2022/12/09,2022/12/09,,,read,,,,1,0,Business & Economics,
60393672,"It Starts with Us (It Ends with Us, #2)",Colleen Hoover,"Hoover, Colleen",,1668001225,9781668001226,3,3.85,Atria Books,Paperback,323,2022.0,2022.0,2022/12/07,2022/12/07,,,read,,,,1,0,Fiction,
7574245,Ru,Kim Thúy,"Thúy, Kim",,,9782867465321,0,3.81,Liana Levi,Paperback,144,2010.0,2009.0,,2022/12/01,to-read,to-read (#99),to-read,,,,0,0,Fiction,
43205551,This One Because of the Dead,Laure Baudot,"Baudot, Laure",,1770865144,9781770865143,3,4.35,Cormorant Books,Paperback,240,2019.0,,2022/11/30,2022/11/30,,,read,,,,1,0,Fiction,
55692516,Em,Kim Thúy,"Thúy, Kim",Sheila Fischman,2764813295,9782764813294,5,4.11,Libre Expression,Paperback,152,2020.0,2020.0,2022/11/30,2022/11/30,,,read,,,,1,0,Fiction,
38746152,The Book of Delights: Essays,Ross Gay,"Gay, Ross",,1616207922,9781616207922,0,4.14,Algonquin Books,Hardcover,274,2019.0,2019.0,,2022/11/26,to-read,to-read (#98),to-read,,,,0,0,Literary Collections,
35631386,The Undoing Project: A Friendship That Changed Our Minds,Michael   Lewis,"Lewis, Michael",,393354776,9780393354775,0,3.99,W. W. Norton & Company,Paperback,368,2017.0,2016.0,,2022/11/26,to-read,to-read (#97),to-read,,,,0,0,Science,
50659472,"A Court of Wings and Ruin (A Court of Thorns and Roses, #3)",Sarah J. Maas,"Maas, Sarah J.",,1635575605,9781635575606,4,4.47,Bloomsbury Publishing,Paperback,699,2020.0,2017.0,2022/11/17,2022/11/17,,,read,,,,1,0,Fiction,
6798263,Bluets,Maggie Nelson,"Nelson, Maggie",,1933517409,9781933517407,0,4.06,Wave Books,Paperback,112,2009.0,2009.0,,2022/11/17,to-read,to-read (#96),to-read,,,,0,0,Literary Collections,
59148726,"Rogues: True Stories of Grifters, Killers, Rebels and Crooks",Patrick Radden Keefe,"Keefe, Patrick Radden",,385548516,9780385548519,0,4.01,Doubleday,Hardcover,368,2022.0,2022.0,,2022/11/16,to-read,to-read (#95),to-read,,,,0,0,Biography & Autobiography,
60321392,The Song of the Cell: An Exploration of Medicine and the New Human,Siddhartha Mukherjee,"Mukherjee, Siddhartha",,1982117354,9781982117351,0,4.28,Scribner,Hardcover,473,2022.0,2022.0,,2022/11/16,to-read,to-read (#94),to-read,,,,0,0,Science,
56563852,"The Wolf Den (Wolf Den Trilogy, #1)",Elodie Harper,"Harper, Elodie",,,,0,4.04,Head of Zeus,Hardcover,464,2021.0,2021.0,,2022/11/15,to-read,to-read (#93),to-read,,,,0,0,Fiction,
406235,Giovanni’s Room,James Baldwin,"Baldwin, James",,,,0,4.34,Laurel,Paperback,178,1988.0,1956.0,,2022/11/15,to-read,to-read (#92),to-read,,,,0,0,Fiction,
54633167,Lonely Castle in the Mirror,Mizuki Tsujimura,"Tsujimura, Mizuki",,857527274,9780857527271,0,4.25,Doubleday,Hardcover,355,2021.0,2017.0,,2022/11/14,to-read,to-read (#91),to-read,,,,0,0,Fiction,
45892240,The Better Half: On the Genetic Superiority of Women,Sharon  Moalem,"Moalem, Sharon",,1250174783,9781250174789,0,3.96,"Farrar, Straus and Giroux",Hardcover,288,2020.0,2020.0,,2022/11/13,to-read,to-read (#90),to-read,,,,0,0,Science,
51733706,Afterparties,Anthony Veasna So,"So, Anthony Veasna",,63049910,9780063049918,4,3.94,Ecco,ebook,272,2021.0,2021.0,2022/11/13,2022/09/16,,,read,,,,1,0,Fiction,
55404546,Malibu Rising,Taylor Jenkins Reid,"Reid, Taylor Jenkins",,1524798657,9781524798659,0,4.03,Ballantine Books,Hardcover,369,2021.0,2021.0,,2022/11/09,to-read,to-read (#89),to-read,,,,0,0,Fiction,
46041199,"Kim Jiyoung, Born 1982",Cho Nam-Joo,"Nam-Joo, Cho",Jamie Chang,1631496700,9781631496707,0,4.17,Liveright,Hardcover,163,2020.0,2016.0,,2022/11/08,to-read,to-read (#88),to-read,,,,0,0,Fiction,
52219386,Almond,Sohn Won-Pyung,"Won-Pyung, Sohn",Joosun Lee,62961373,9780062961372,0,4.15,HarperVia,Hardcover,272,2020.0,2017.0,,2022/11/08,to-read,to-read (#87),to-read,,,,0,0,Fiction,
59366098,Anna: The Biography,Amy Odell,"Odell, Amy",,1982122633,9781982122638,3,3.78,Gallery Books,Hardcover,464,2022.0,2022.0,2022/11/08,2022/11/08,,,read,,,,1,0,Biography & Autobiography,
60568471,"Before I Let Go (Skyland, #1)",Kennedy Ryan,"Ryan, Kennedy",,1538706792,9781538706794,0,4.35,Forever,Paperback,391,2022.0,2022.0,,2022/11/03,to-read,to-read (#86),to-read,,,,0,0,Fiction,
27362503,"It Ends with Us (It Ends with Us, #1)",Colleen Hoover,"Hoover, Colleen",,1668021048,9781668021040,4,4.12,Atria Books,Kindle Edition,386,2023.0,2016.0,2022/11/03,2022/07/25,,,read,,,,1,0,Fiction,
57926137,Black Cake,Charmaine Wilkerson,"Wilkerson, Charmaine",,,,0,4.09,Ballantine Books,Hardcover,385,2022.0,2022.0,,2022/11/02,to-read,to-read (#85),to-read,,,,0,0,Fiction,
1510265,The Case of the Frozen Addicts,J. William Langston,"Langston, J. William",Jon Palfreman,679424652,9780679424659,0,4.22,Pantheon,Hardcover,309,1995.0,1995.0,,2022/10/30,to-read,to-read (#84),to-read,,,,0,0,Science,
14456,Awakenings,Oliver Sacks,"Sacks, Oliver",,375704051,9780375704055,0,4.09,Vintage,Paperback,464,1999.0,1973.0,,2022/10/30,to-read,to-read (#83),to-read,,,,0,0,Psychology,
23848042,Brain Storms: The Race to Unlock the Mysteries of Parkinson's Disease,Jon Palfreman,"Palfreman, Jon",,374116172,9780374116170,5,4.31,"Scientific American / Farrar, Straus and Giroux",Hardcover,288,2015.0,2015.0,2022/10/30,2022/10/08,,,read,,,,1,0,Science,
50659468,"A Court of Mist and Fury (A Court of Thorns and Roses, #2)",Sarah J. Maas,"Maas, Sarah J.",,1635575583,9781635575583,4,4.65,Bloomsbury Publishing,Paperback,626,2020.0,2016.0,2022/10/24,2022/10/24,,,read,,,,1,0,Fiction,
40597810,Daisy Jones & The Six,Taylor Jenkins Reid,"Reid, Taylor Jenkins",,1524798622,9781524798628,3,4.2,Ballantine Books,Hardcover,368,2019.0,2019.0,2022/10/23,2022/10/23,,,read,,,,1,0,Fiction,
58989873,Happy-Go-Lucky,David Sedaris,"Sedaris, David",,316392456,9780316392457,0,4.17,"Little, Brown and Company",Hardcover,272,2022.0,2022.0,,2022/10/18,to-read,to-read (#82),to-read,,,,0,0,Literary Collections,
4138,Naked,David Sedaris,"Sedaris, David",,,,0,4.1,Back Bay Books,Paperback,304,1998.0,1997.0,,2022/10/18,to-read,to-read (#81),to-read,,,,0,0,Literary Collections,
58690308,Book Lovers,Emily Henry,"Henry, Emily",,593334833,9780593334836,4,4.12,Berkley,Hardcover,377,2022.0,2022.0,2022/10/17,2022/07/26,,,read,,,,1,0,Fiction,
1953,A Tale of Two Cities,Charles Dickens,"Dickens, Charles",Richard Maxwell,141439602,9780141439600,0,3.87,Penguin Books,Paperback,489,2003.0,1859.0,,2022/10/14,to-read,to-read (#80),to-read,,,,0,0,Fiction,
15795155,Bad Pharma: How Drug Companies Mislead Doctors and Harm Patients,Ben Goldacre,"Goldacre, Ben",,865478007,9780865478008,0,4.1,"Farrar, Straus and Giroux",Hardcover,448,2013.0,2012.0,,2022/10/08,to-read,to-read (#79),to-read,,,,0,0,Science,
52867387,Beach Read,Emily Henry,"Henry, Emily",,1984806734,9781984806734,4,3.99,Berkley,Paperback,400,2020.0,2020.0,2022/09/20,2022/09/20,,,read,,,,1,0,Fiction,
54985743,People We Meet on Vacation,Emily Henry,"Henry, Emily",,1984806750,9781984806758,4,3.86,Berkley,Paperback,400,2021.0,2021.0,2022/10/05,2022/10/05,,,read,,,,1,0,Fiction,
49354511,The Dictionary of Lost Words,Pip Williams,"Williams, Pip",,1925972593,9781925972597,0,4.02,Affirm Press,Paperback,384,2021.0,2020.0,,2022/10/01,to-read,to-read (#78),to-read,,,,0,0,Fiction,
21853621,The Nightingale,Kristin Hannah,"Hannah, Kristin",,312577222,9780312577223,0,4.64,St. Martin's Press,Hardcover,564,2015.0,2015.0,,2022/09/24,to-read,to-read (#77),to-read,,,,0,0,Fiction,
58884738,Last Summer on State Street,Toya Wolfe,"Wolfe, Toya",,63209748,9780063209749,0,4.21,William Morrow,Hardcover,212,2022.0,2022.0,,2022/09/16,to-read,to-read (#76),to-read,,,,0,0,Fiction,
54976986,Great Circle,Maggie Shipstead,"Shipstead, Maggie",,,,0,4.1,Knopf,Hardcover,608,2021.0,2021.0,,2022/09/16,to-read,to-read (#75),to-read,,,,0,0,Fiction,
56898303,We Are Not Like Them,Christine Pride,"Pride, Christine",Jo Piazza,1982181036,9781982181031,0,4.06,Atria Books,Hardcover,336,2021.0,2021.0,,2022/09/16,to-read,to-read (#74),to-read,,,,0,0,Fiction,
59856071,All That's Left Unsaid,Tracey Lien,"Lien, Tracey",,63227738,9780063227736,0,3.96,William Morrow,Hardcover,304,2022.0,2022.0,,2022/09/16,to-read,to-read (#73),to-read,,,,0,0,Fiction,
57693171,Olga Dies Dreaming,Xóchitl González,"González, Xóchitl",,1250786177,9781250786173,0,3.97,Flatiron Books,Hardcover,369,2022.0,2022.0,,2022/09/16,to-read,to-read (#72),to-read,,,,0,0,Fiction,
617702,In the Realm of Hungry Ghosts: Close Encounters with Addiction,Gabor Maté,"Maté, Gabor",,676977405,9780676977400,5,4.49,Knopf Canada,Hardcover,480,2008.0,2007.0,2022/09/16,2022/06/13,,,read,,,,1,0,Psychology,
341879,Just Kids,Patti Smith,"Smith, Patti",,,,0,4.22,Ecco,Hardcover,304,2010.0,2010.0,,2022/09/08,to-read,to-read (#71),to-read,,,,0,0,Biography & Autobiography,
18222843,Stuff Matters: Exploring the Marvelous Materials That Shape Our Man-Made World,Mark Miodownik,"Miodownik, Mark",,544236041,9780544236042,0,4.11,Houghton Mifflin Harcourt,Hardcover,272,2014.0,2013.0,,2022/09/07,to-read,to-read (#70),to-read,,,,0,0,Science,
27833843,Unnatural Causes: The Life and Many Deaths of Britain's Top Forensic Pathologist,Richard Shepherd,"Shepherd, Richard",,718182715,9780718182717,4,4.32,Michael Joseph,Hardcover,400,2018.0,2018.0,2022/09/06,2022/07/08,,,read,,,,1,0,Biography & Autobiography,
35953464,Broad Band: The Untold Story of the Women Who Made the Internet,Claire L.  Evans,"Evans, Claire L.",,735211752,9780735211759,0,3.93,Portfolio,Hardcover,288,2018.0,2018.0,,2022/09/05,to-read,to-read (#69),to-read,,,,0,0,Biography & Autobiography,
21856367,"The Innovators: How a Group of Hackers, Geniuses and Geeks Created the Digital Revolution",Walter Isaacson,"Isaacson, Walter",,,9781476708690,0,4.12,Simon and Schuster,Hardcover,542,2014.0,2011.0,,2022/09/05,to-read,to-read (#68),to-read,,,,0,0,Biography & Autobiography,
23848559,Furiously Happy: A Funny Book About Horrible Things,Jenny  Lawson,"Lawson, Jenny",,1250077001,9781250077004,4,3.9,Flatiron Books,Hardcover,329,2015.0,2015.0,2022/09/04,2022/06/07,,,read,,,,1,0,Biography & Autobiography,
40097951,The Silent Patient,Alex Michaelides,"Michaelides, Alex",,1250301696,9781250301697,0,4.17,Celadon Books,Hardcover,336,2019.0,2019.0,,2022/09/01,to-read,to-read (#67),to-read,,,,0,0,Fiction,
36490332,"Talking to My Daughter About the Economy: or, How Capitalism Works—and How It Fails",Yanis Varoufakis,"Varoufakis, Yanis",Jacob Moe,374718431,9780374718435,0,4.13,"Farrar, Straus and Giroux",Kindle Edition,224,2018.0,2013.0,,2022/09/01,to-read,to-read (#66),to-read,,,,0,0,Business & Economics,
157993,The Little Prince,Antoine de Saint-Exupéry,"Saint-Exupéry, Antoine de",Richard Howard,152023984,9780152023980,0,4.33,"Harcourt, Inc.",Hardcover,96,2000.0,1943.0,2022/08/31,2022/08/31,,,read,,,,1,0,Fiction,
35212990,All That Remains: A Life in Death,Sue Black,"Black, Sue",,857524925,9780857524928,0,4.16,Doubleday,Hardcover,368,2018.0,2018.0,,2022/08/30,to-read,to-read (#65),to-read,,,,0,0,Science,
57693619,The Greatest Invention: A History of the World in Nine Mysterious Scripts,Silvia Ferrara,"Ferrara, Silvia",Todd Portnowitz,374601623,9780374601621,0,3.46,"Farrar, Straus and Giroux",Hardcover,304,2022.0,2019.0,,2022/08/30,to-read,to-read (#64),to-read,,,,0,0,History,
50659467,"A Court of Thorns and Roses (A Court of Thorns and Roses, #1)",Sarah J. Maas,"Maas, Sarah J.",,1635575567,9781635575569,4,4.17,Bloomsbury Publishing,Paperback,419,2020.0,2015.0,2022/08/30,2022/08/30,,,read,,,,1,0,Fiction,
570172,The Brain that Changes Itself: Stories of Personal Triumph from the Frontiers of Brain Science,Norman Doidge,"Doidge, Norman",,,9780670038305,0,4.2,Viking,Hardcover,427,2007.0,2007.0,,2022/08/25,to-read,to-read (#63),to-read,,,,0,0,Science,
57899793,All My Rage,Sabaa Tahir,"Tahir, Sabaa",,593202341,9780593202340,0,4.49,Razorbill,Hardcover,376,2022.0,2022.0,,2022/08/23,to-read,to-read (#62),to-read,,,,0,0,Fiction,
22435,"The Fabric of the Cosmos: Space, Time, and the Texture of Reality",Brian Greene,"Greene, Brian",,965900584,9780965900584,0,4.13,Alfred Knopf,Paperback,569,2004.0,2004.0,,2022/08/18,to-read,to-read (#61),to-read,,,,0,0,Science,
59606357,We Should Not Be Afraid of the Sky,Emma Hooper,"Hooper, Emma",,735232741,9780735232747,0,3.65,Hamish Hamilton,Hardcover,320,2022.0,,,2022/08/18,to-read,to-read (#60),to-read,,,,0,0,Fiction,
55648820,Seven Days in June,Tia Williams,"Williams, Tia",,,,5,4.01,Grand Central Publishing,Hardcover,336,2021.0,2021.0,2022/08/16,2021/06/14,,,read,,,,1,0,Fiction,
424,Slouching Towards Bethlehem,Joan Didion,"Didion, Joan",,,,0,4.19,Farrar Straus Giroux,Paperback,238,2008.0,1968.0,,2022/08/02,to-read,to-read (#59),to-read,,,,0,0,Fiction,
6514,The Bell Jar,Sylvia Plath,"Plath, Sylvia",,571268862,9780571268863,0,4.06,Harper Perennial Modern Classics,Paperback,294,2006.0,1963.0,,2022/07/26,to-read,to-read (#58),to-read,,,,0,0,Fiction,
56668328,"The Bomber Mafia: A Dream, a Temptation, and the Longest Night of the Second World War",Malcolm Gladwell,"Gladwell, Malcolm",,316296619,9780316296618,4,4.03,"Little, Brown and Company",Hardcover,256,2021.0,2021.0,2022/07/26,2022/07/19,,,read,,,,1,0,Business & Economics,
857502,Concerning the Spiritual in Art,Wassily Kandinsky,"Kandinsky, Wassily",M.T.H. Sadler,486234118,9780486234113,0,3.84,Dover Publications,Paperback,80,1977.0,1912.0,,2022/07/25,to-read,to-read (#57),to-read,,,,0,0,Art,
50196744,Know My Name,Chanel Miller,"Miller, Chanel",,735223718,9780735223714,0,4.7,Viking,ebook,384,2019.0,2019.0,,2022/07/25,to-read,to-read (#56),to-read,,,,0,0,Biography & Autobiography,
52374,Against Interpretation and Other Essays,Susan Sontag,"Sontag, Susan",,312280866,9780312280864,0,4.15,Picador,Paperback,336,2001.0,1964.0,2022/07/25,2021/12/16,,,read,,,,1,0,Literary Collections,
33313,Kitchen Confidential: Adventures in the Culinary Underbelly,Anthony Bourdain,"Bourdain, Anthony",,60899220,9780060899226,5,4.18,Ecco/Harper Perennial,Paperback,312,2007.0,2000.0,2022/07/22,2022/05/09,,,read,,,,1,0,Biography & Autobiography,
55360284,Taste: My Life Through Food,Stanley Tucci,"Tucci, Stanley",,1982168013,9781982168018,3,4.2,Gallery Books,Hardcover,291,2021.0,2021.0,2022/07/16,2022/05/20,,,read,,,,1,0,Biography & Autobiography,
32620332,The Seven Husbands of Evelyn Hugo,Taylor Jenkins Reid,"Reid, Taylor Jenkins",,1501139231,9781501139239,5,4.4,Atria Books,Hardcover,389,2017.0,2017.0,2022/07/10,2021/12/15,,,read,,,,1,0,Fiction,
56597885,"Beautiful World, Where Are You",Sally Rooney,"Rooney, Sally",,374602603,9780374602604,4,3.53,"Farrar, Straus and Giroux",Hardcover,356,2021.0,2021.0,2022/06/28,2022/06/28,,,read,,,,1,0,Fiction,
51045613,Deacon King Kong,James   McBride,"McBride, James",,,9780735216723,0,4.17,Riverhead Books,Hardcover,370,2020.0,2020.0,,2022/06/27,to-read,to-read (#55),to-read,,,,0,0,Fiction,
292327,The Bluest Eye,Toni Morrison,"Morrison, Toni",,307278441,9780307278449,0,4.12,Vintage International,Paperback,206,2007.0,1970.0,2016/7/20,2022/06/27,,,read,,,,1,0,Fiction,
23419,The Consolations of Philosophy,Alain de Botton,"Botton, Alain de",,,,0,4.01,Vintage,Paperback,265,2001.0,2000.0,,2022/06/26,to-read,to-read (#54),to-read,,,,0,0,Science,
52128695,"Ace: What Asexuality Reveals About Desire, Society, and the Meaning of Sex",Angela  Chen,"Chen, Angela",,,9780807013793,3,4.35,Beacon Press,Hardcover,210,2020.0,2020.0,2022/06/21,2022/06/07,,,read,,,,1,0,Science,
6792458,The New Jim Crow: Mass Incarceration in the Age of Colorblindness,Michelle Alexander,"Alexander, Michelle",,,,5,4.52,The New Press Inc.,Hardcover,290,2010.0,2010.0,2022/06/17,2022/05/08,,,read,,,,1,0,Political Science,
1842,"Guns, Germs, and Steel: The Fates of Human Societies",Jared Diamond,"Diamond, Jared",,739467352,9780739467350,0,4.04,W.W. Norton & Company,Paperback,498,2005.0,1997.0,,2022/06/16,to-read,to-read (#53),to-read,,,,0,0,History,
56269264,The Dawn of Everything: A New History of Humanity,David Graeber,"Graeber, David",David Wengrow,374157359,9780374157357,0,4.2,"Farrar, Straus and Giroux",Hardcover,692,2021.0,2021.0,,2022/06/16,to-read,to-read (#52),to-read,,,,0,0,History,
80336,Distinction: A Social Critique of the Judgement of Taste,Pierre Bourdieu,"Bourdieu, Pierre",Richard Nice,674212770,9780674212770,4,4.16,Harvard University Press,Paperback,613,1984.0,1979.0,2022/06/10,2022/03/17,,,read,,,,1,0,Science,
6185,Wuthering Heights,Emily Brontë,"Brontë, Emily","Robert Heindel, John Bugg, Charlotte Brontë, Richard J. Dunn",,,0,3.9,Norton,Paperback,464,2002.0,1847.0,,2022/06/08,to-read,to-read (#51),to-read,,,,0,0,Fiction,
25899336,When Breath Becomes Air,Paul Kalanithi,"Kalanithi, Paul",Abraham   Verghese,812988418,9780812988413,4,4.41,Random House,Kindle Edition,208,2016.0,2016.0,2022/06/03,2022/04/26,,,read,,,,1,0,Biography & Autobiography,
23013953,Gut: The Inside Story of Our Body's Most Underrated Organ,Giulia Enders,"Enders, Giulia",Jill Enders,1771641495,9781771641494,4,4.07,Greystone Books,Paperback,273,2015.0,2014.0,2022/05/30,2022/02/15,,,read,,,,1,0,Science,
31669,A Memoir of Jane Austen and Other Family Recollections,James Edward Austen-Leigh,"Austen-Leigh, James Edward","Caroline Austen, Henry Austen, Anna Austen Lefroy, Kathryn Sutherland",192840746,9780192840745,0,3.83,Oxford University Press,Paperback,352,2002.0,1869.0,,2022/05/23,to-read,to-read (#50),to-read,,,,0,0,Biography & Autobiography,
23168277,"The Sympathizer (The Sympathizer, #1)",Viet Thanh Nguyen,"Nguyen, Viet Thanh",,802123457,9780802123459,0,4.01,Grove Press,Hardcover,371,2015.0,2015.0,,2022/05/23,to-read,to-read (#49),to-read,,,,0,0,Fiction,
18521,A Room of One’s Own,Virginia Woolf,"Woolf, Virginia",,,,5,4.22,Penguin Books,Paperback,112,2000.0,1929.0,2022/05/23,2022/04/26,,,read,,,,1,0,Biography & Autobiography,
41940285,"User Friendly: How the Hidden Rules of Design Are Changing the Way We Live, Work, and Play",Cliff Kuang,"Kuang, Cliff",Robert Fabricant,,,0,4.14,MCD,Hardcover,416,2019.0,2019.0,,2022/05/17,to-read,to-read (#48),to-read,,,,0,0,Technology & Engineering,
38232376,"Nine Pints: A Journey Through the Money, Medicine, and Mysteries of Blood",Rose George,"George, Rose",,1627796371,9781627796378,0,3.83,Metropolitan Books,Hardcover,289,2018.0,2018.0,,2022/05/08,to-read,to-read (#47),to-read,,,,0,0,Science,
6425404,Changing My Mind: Occasional Essays,Zadie Smith,"Smith, Zadie",,1594202370,9781594202377,4,3.83,The Penguin Press HC,Hardcover,320,2009.0,2009.0,2022/05/08,2021/12/16,,,read,,,,1,0,Literary Collections,
61538,The Extended Phenotype: The Long Reach of the Gene (Popular Science),Richard Dawkins,"Dawkins, Richard",,192880519,9780192880512,0,4.12,Oxford University Press,Paperback,336,1999.0,1982.0,,2022/05/04,to-read,to-read (#46),to-read,,,,0,0,Science,
6334,Never Let Me Go,Kazuo Ishiguro,"Ishiguro, Kazuo",,1400078776,9781400078776,4,3.85,Vintage Books ,Paperback,288,2010.0,2005.0,2022/02/01,2022/05/01,,,read,,,,1,0,Fiction,
53825991,Intimations,Zadie Smith,"Smith, Zadie",,,9780593297612,4,3.98,Penguin Books,Paperback,97,2020.0,2020.0,2022/05/01,2022/03/01,,,read,,,,1,0,Literary Collections,
46114,The Waves,Virginia Woolf,"Woolf, Virginia",,156949601,9780156949606,0,4.15,Harvest Books,Paperback,297,1978.0,1931.0,,2022/04/27,to-read,to-read (#45),to-read,,,,0,0,Fiction,
8600,"Eats, Shoots & Leaves: The Zero Tolerance Approach to Punctuation",Lynne Truss,"Truss, Lynne",,1592402038,9781592402038,0,3.87,The Penguin Group,Hardcover,209,2006.0,2003.0,,2022/04/26,to-read,to-read (#44),to-read,,,,0,0,Language Arts,
7445,The Glass Castle,Jeannette Walls,"Walls, Jeannette",,,9780743247542,0,4.32,Scribner,Paperback,288,2006.0,2005.0,,2022/04/26,to-read,to-read (#43),to-read,,,,0,0,Biography & Autobiography,
3869,A Brief History of Time,Stephen Hawking,"Hawking, Stephen",,553380168,9780553380163,0,4.21,Bantam Books,Paperback,226,1998.0,1988.0,,2022/04/26,to-read,to-read (#42),to-read,,,,0,0,Science,
58395049,True Biz,Sara Nović,"Nović, Sara",,593241509,9780593241509,0,4.07,Random House,Hardcover,386,2022.0,2022.0,,2022/04/26,to-read,to-read (#41),to-read,,,,0,0,Fiction,
32187419,Conversations with Friends,Sally Rooney,"Rooney, Sally",,451499077,9780451499073,4,3.74,Hogarth,Kindle Edition,304,2017.0,2017.0,2022/04/25,2022/04/25,,,read,,,,1,0,Fiction,
34536488,Principles: Life and Work,Ray Dalio,"Dalio, Ray",Jeremy Bobb,1508243247,9781508243243,0,4.11,Simon & Schuster Audio,Audio CD,16,2017.0,2017.0,,2022/04/21,to-read,to-read (#40),to-read,,,,0,0,Business & Economics,
52884091,"The Narrow Corridor: States, Societies, and the Fate of Liberty",Daron Acemoğlu,"Acemoğlu, Daron",James A. Robinson,,,4,4.22,Penguin,Kindle Edition,560,2019.0,2019.0,2022/04/20,2020/05/20,,,read,,,,1,0,Political Science,
25135194,Prisoners of Geography: Ten Maps That Tell You Everything You Need to Know About Global Politics,Tim  Marshall,"Marshall, Tim",,1783961414,9781783961412,0,4.19,Elliott & Thompson,Hardcover,256,2015.0,2015.0,,2022/04/18,to-read,to-read (#39),to-read,,,,0,0,Science,
12158480,"Why Nations Fail: The Origins of Power, Prosperity, and Poverty",Daron Acemoğlu,"Acemoğlu, Daron",James A. Robinson,307719219,9780307719218,0,4.09,Crown Currency,Hardcover,529,2012.0,2012.0,,2022/04/18,to-read,to-read (#38),to-read,,,,0,0,Political Science,
10245602,Poor Economics: A Radical Rethinking of the Way to Fight Global Poverty,Abhijit V. Banerjee,"Banerjee, Abhijit V.",Esther Duflo,1586487981,9781586487980,0,4.28,PublicAffairs,Hardcover,320,2011.0,2011.0,,2022/04/17,to-read,to-read (#37),to-read,,,,0,0,Business & Economics,
45289222,Writers & Lovers,Lily King,"King, Lily",,,,4,4.0,Grove Press,Hardcover,320,2020.0,2020.0,2022/04/14,2022/01/18,,,read,,,,1,0,Fiction,
57812401,Five Tuesdays in Winter,Lily King,"King, Lily",,802158765,9780802158765,0,3.71,Grove Press,Hardcover,240,2021.0,2021.0,,2022/04/13,to-read,to-read (#36),to-read,,,,0,0,Fiction,
40603783,The Defining Decade: Why Your Twenties Matter—And How to Make the Most of Them Now,Meg Jay,"Jay, Meg",,,,3,4.11,Twelve,Kindle Edition,273,2012.0,2012.0,2022/04/08,2022/01/25,,,read,,,,1,0,Self-Help,
49090884,Tender Is the Flesh,Agustina Bazterrica,"Bazterrica, Agustina",Sarah Moses,1982150920,9781982150921,0,3.78,Scribner,Paperback,209,2020.0,2017.0,,2022/04/06,to-read,to-read (#35),to-read,,,,0,0,Fiction,
55959528,Three Rooms,Jo Hamya,"Hamya, Jo",,358572096,9780358572091,0,3.08,Mariner Books,Hardcover,208,2021.0,2021.0,,2022/04/01,to-read,to-read (#34),to-read,,,,0,0,Fiction,
128029,A Thousand Splendid Suns,Khaled Hosseini,"Hosseini, Khaled",,1594489505,9781594489501,5,4.45,Riverhead Books,Hardcover,372,2007.0,2007.0,2022/03/31,2021/12/15,,,read,,,,1,0,Fiction,
54503521,A Thousand Brains: A New Theory of Intelligence,Jeff Hawkins,"Hawkins, Jeff",Richard Dawkins,1541675819,9781541675810,4,4.06,Basic Books,Hardcover,288,2021.0,2021.0,2022/03/27,2021/12/02,,,read,,,,1,0,Science,
40664707,The Undying,Anne Boyer,"Boyer, Anne",,,,0,4.16,,Paperback,320,,2019.0,,2022/03/27,to-read,to-read (#33),to-read,,,,0,0,Biography & Autobiography,
6670287,The Collected Stories of Lydia Davis,Lydia Davis,"Davis, Lydia",,374270600,9780374270605,0,4.24,"Farrar, Straus and Giroux",Hardcover,733,2009.0,2009.0,,2022/03/27,to-read,to-read (#32),to-read,,,,0,0,Literary Collections,
55338982,Cultish: The Language of Fanaticism,Amanda Montell,"Montell, Amanda",,62993151,9780062993151,4,3.83,Harper,Hardcover,309,2021.0,2021.0,2022/03/17,2021/11/08,,,read,,,,1,0,Language Arts,
52845775,Minor Feelings: An Asian American Reckoning,Cathy Park Hong,"Hong, Cathy Park",,1984820362,9781984820365,5,4.2,One World,Hardcover,209,2020.0,2020.0,2021/09/03,2021/05/06,,,read,,,,1,0,Literary Collections,
54814676,Crying in H Mart,Michelle Zauner,"Zauner, Michelle",,525657746,9780525657743,5,4.25,Knopf,Hardcover,239,2021.0,2021.0,2022/03/10,2022/01/12,,,read,,,,1,0,Biography & Autobiography,
39074550,Humble Pi: A Comedy of Maths Errors,Matt    Parker,"Parker, Matt",,241360196,9780241360194,3,4.1,Allen Lane,Paperback,314,2019.0,2019.0,2022/03/08,2022/01/25,,,read,,,,1,0,Science,
51710349,The WEIRDest People in the World: How the West Became Psychologically Peculiar and Particularly Prosperous,Joseph Henrich,"Henrich, Joseph",,374710457,9780374710453,3,4.13,"Farrar, Straus and Giroux",Kindle Edition,706,2020.0,2020.0,2022/03/08,2022/01/17,,,read,,,,1,0,Business & Economics,
23714521,Orbiting Jupiter,Gary D. Schmidt,"Schmidt, Gary D.",,,,0,4.23,Clarion Books,Kindle Edition,183,2015.0,2015.0,,2022/02/23,to-read,to-read (#31),to-read,,,,0,0,Fiction,
41793575,War Doctor: Surgery on the Front Line,David Nott,"Nott, David",,1509837027,9781509837021,5,4.54,Picador,Hardcover,355,2019.0,2019.0,2022/02/18,2022/02/18,,,read,,,,1,0,Biography & Autobiography,
43721059,The Night Watchman,Louise Erdrich,"Erdrich, Louise",,62671200,9780062671202,0,4.1,HarperCollins,ebook,464,2020.0,2020.0,,2022/02/16,to-read,to-read (#30),to-read,,,,0,0,Fiction,
41940225,Aug 9 - Fog⁠,Kathryn Scanlan,"Scanlan, Kathryn",,374106878,9780374106874,0,3.54,MCD,Hardcover,128,2019.0,2019.0,,2022/02/15,to-read,to-read (#29),to-read,,,,0,0,Fiction,
384664,We're All in This Together: A Novella and Stories,Owen King,"King, Owen",,1582345880,9781582345888,0,3.47,Bloomsbury USA,Paperback,229,2006.0,2005.0,,2022/02/15,to-read,to-read (#28),to-read,,,,0,0,Fiction,
52260627,"The Committed (The Sympathizer, #2)",Viet Thanh Nguyen,"Nguyen, Viet Thanh",,802157068,9780802157065,0,3.96,Grove Press,Hardcover,345,2021.0,2021.0,,2022/02/15,to-read,to-read (#27),to-read,,,,0,0,Fiction,
56816904,The Sentence,Louise Erdrich,"Erdrich, Louise",,,9780062671127,0,3.94,Harper,Hardcover,387,2021.0,2021.0,,2022/02/15,to-read,to-read (#26),to-read,,,,0,0,Fiction,
54120408,Klara and the Sun,Kazuo Ishiguro,"Ishiguro, Kazuo",,,9780593318171,4,3.74,Alfred A. Knopf,Hardcover,340,2021.0,2021.0,2022/02/07,2022/02/01,,,read,,,,1,0,Fiction,
5297,The Picture of Dorian Gray,Oscar Wilde,"Wilde, Oscar",Jeffrey Eugenides,,,0,4.13,Random House: Modern Library,Paperback,272,2004.0,1890.0,2017/8/15,2022/02/03,,,read,,,,1,0,Fiction,
31423245,How to Be a Stoic: Using Ancient Philosophy to Live a Modern Life,Massimo Pigliucci,"Pigliucci, Massimo",,465097952,9780465097951,2,4.05,Basic Books,Hardcover,288,2017.0,2017.0,2022/01/31,2021/12/04,,,read,,,,1,0,Psychology,
58231775,Peach Blossom Spring,Melissa Fu,"Fu, Melissa",,316286737,9780316286732,0,4.18,"Little, Brown and Company",Hardcover,400,2022.0,2022.0,,2022/01/26,to-read,to-read (#25),to-read,,,,0,0,Fiction,
41160292,Exhalation,Ted Chiang,"Chiang, Ted",,,,4,4.27,Knopf,ebook,368,2019.0,2019.0,2022/01/23,2021/12/14,,,read,,,,1,0,Fiction,
41081373,"Girl, Woman, Other",Bernardine Evaristo,"Evaristo, Bernardine",,241364906,9780241364901,0,4.27,Hamish Hamilton,Kindle Edition,453,2019.0,2019.0,,2022/01/18,to-read,to-read (#24),to-read,,,,0,0,Fiction,
168642,In Cold Blood,Truman Capote,"Capote, Truman",,679745580,9780679745587,0,4.09,Vintage,Paperback,343,1994.0,1966.0,,2022/01/18,to-read,to-read (#23),to-read,,,,0,0,History,
13214,"I Know Why the Caged Bird Sings (Maya Angelou's Autobiography, #1)",Maya Angelou,"Angelou, Maya",,553279378,9780553279375,0,4.3,Bantam Books,Paperback,289,1993.0,1969.0,,2022/01/15,to-read,to-read (#22),to-read,,,,0,0,Biography & Autobiography,
33917,The Namesake,Jhumpa Lahiri,"Lahiri, Jhumpa",,618485228,9780618485222,0,4.02,Mariner,Paperback,304,2003.0,2003.0,,2022/01/15,to-read,to-read (#21),to-read,,,,0,0,Fiction,
55276648,The Reading List,Sara Nisha Adams,"Adams, Sara Nisha",,63025280,9780063025288,5,4.07,William Morrow,Hardcover,368,2021.0,2021.0,2022/01/15,2021/08/09,,,read,,,,1,0,Fiction,
43126457,Trick Mirror: Reflections on Self-Delusion,Jia Tolentino,"Tolentino, Jia",,525510540,9780525510543,3,4.03,Random House,Hardcover,303,2019.0,2019.0,2022/01/13,2021/12/14,,,read,,,,1,0,Literary Collections,
50705179,Numbers Don't Lie: 71 Things You Need to Know About the World,Vaclav Smil,"Smil, Vaclav",,241454417,9780241454411,4,3.83,Viking,Hardcover,384,2020.0,2020.0,2021/10/07,2021/09/30,,,read,,,,1,0,Science,
55361205,A Promised Land,Barack Obama,"Obama, Barack",,1524763187,9781524763183,5,4.33,Crown,Kindle Edition,768,2020.0,2020.0,2022/01/07,2021/08/08,,,read,,,,1,0,Biography & Autobiography,
27220736,Shoe Dog: A Memoir by the Creator of Nike,Phil Knight,"Knight, Phil",,1501135910,9781501135910,5,4.47,Scribner,Hardcover,400,2016.0,2016.0,2022/01/07,2022/01/07,,,read,,,,1,0,Biography & Autobiography,
36885304,Flights,Olga Tokarczuk,"Tokarczuk, Olga",Jennifer  Croft,525534199,9780525534198,0,3.76,Riverhead Books,Hardcover,416,2018.0,2007.0,,2022/01/07,to-read,to-read (#20),to-read,,,,0,0,Fiction,
56988247,Memory Speaks: On Losing and Reclaiming Language and Self,Julie Sedivy,"Sedivy, Julie",,,9780674980280,0,4.12,Belknap Press: An Imprint of Harvard University Press,Hardcover,368,2021.0,,,2022/01/07,to-read,to-read (#19),to-read,,,,0,0,Psychology,
36684257,Aware: The Science and Practice of Presence--A Complete Guide to the Groundbreaking Wheel of Awareness Meditation Practice,Daniel J. Siegel,"Siegel, Daniel J.",,143111787,9780143111788,0,3.58,TarcherPerigee,Kindle Edition,397,2018.0,2018.0,,2022/01/03,to-read,to-read (#18),to-read,,,,0,0,Psychology,
464260,The Fire Next Time,James Baldwin,"Baldwin, James",,,9780679744726,0,4.55,Vintage,Paperback,106,1992.0,1963.0,,2021/12/16,to-read,to-read (#17),to-read,,,,0,0,Biography & Autobiography,
7331435,A Visit from the Goon Squad,Jennifer Egan,"Egan, Jennifer",,307592839,9780307592835,0,3.7,Knopf,Hardcover,274,2010.0,2010.0,,2021/12/14,to-read,to-read (#16),to-read,,,,0,0,Fiction,
51777605,The Office of Historical Corrections,Danielle  Evans,"Evans, Danielle",,1594487332,9781594487330,5,4.17,Riverhead Books,Hardcover,269,2020.0,2020.0,2021/12/07,2021/07/10,,,read,,,,1,0,Fiction,
42815538,I Like to Watch: Arguing My Way Through the TV Revolution,Emily Nussbaum,"Nussbaum, Emily",,525508961,9780525508960,0,3.97,Random House,Hardcover,384,2019.0,2019.0,,2021/12/12,to-read,to-read (#15),to-read,,,,0,0,Literary Collections,
48727813,"She Who Became the Sun (The Radiant Emperor, #1)",Shelley Parker-Chan,"Parker-Chan, Shelley",,1250621798,9781250621795,4,3.85,Tor Books,Kindle Edition,416,2021.0,2021.0,2021/10/20,2021/12/11,,,read,,,,1,0,Fiction,
28186093,Against Everything: Essays,Mark Greif,"Greif, Mark",,1101871156,9781101871157,3,3.64,Pantheon,Hardcover,320,2016.0,2016.0,2021/12/01,2021/10/20,,,read,,,,1,0,Literary Collections,
54173267,Happy Hour,Marlowe Granados,"Granados, Marlowe",,1989919006,9781989919002,5,3.49,Flying Books,Paperback,280,2020.0,2020.0,2021/11/20,2021/08/27,,,read,,,,1,0,Fiction,
9375,Fried Green Tomatoes at the Whistle Stop Cafe,Fannie Flagg,"Flagg, Fannie",,375508414,9780375508417,4,4.28,Random House,Hardcover,416,2002.0,1987.0,2018/3/15,2018/11/29,favorites,favorites (#3),read,,,,1,0,Fiction,
89997,The Ecology of Commerce: A Declaration of Sustainability,Paul Hawken,"Hawken, Paul",,887307043,9780887307041,3,4.12,HarperBusiness,Paperback,272,1994.0,1993.0,2021/1/7,2021/10/01,,,read,,,,1,0,Business & Economics,
34974310,The Last Black Unicorn,Tiffany Haddish,"Haddish, Tiffany",,1501181823,9781501181825,0,3.84,Gallery Books,Hardcover,288,2017.0,2017.0,,2021/08/24,to-read,to-read (#14),to-read,,,,0,0,Biography & Autobiography,
28921,The Remains of the Day,Kazuo Ishiguro,"Ishiguro, Kazuo",,,,5,4.14,Faber & Faber,Paperback,258,2005.0,1989.0,2021/12/10,2021/07/28,,,read,,,,1,0,Fiction,
6402364,"SuperFreakonomics: Global Cooling, Patriotic Prostitutes And Why Suicide Bombers Should Buy Life Insurance",Steven D. Levitt,"Levitt, Steven D.",Stephen J. Dubner,60889578,9780060889579,0,4.0,William Morrow,Hardcover,270,2009.0,2009.0,2017/8/15,2021/08/08,,,read,,,,1,0,Business & Economics,
18780949,Creative Confidence: Unleashing the Creative Potential Within Us All,Thomas  Kelley,"Kelley, Thomas",David Kelley,385349378,9780385349376,0,3.98,Crown Currency,Kindle Edition,306,2013.0,2013.0,,2021/08/08,to-read,to-read (#13),to-read,,,,0,0,Business & Economics,
55305389,Think Again: The Power of Knowing What You Don't Know,Adam M. Grant,"Grant, Adam M.",,1984878115,9781984878113,0,4.14,Viking,Kindle Edition,319,2021.0,2021.0,,2021/08/08,to-read,to-read (#12),to-read,,,,0,0,Business & Economics,
816720,The Witch of Portobello,Paulo Coelho,"Coelho, Paulo",,7251866,9780007251865,3,3.56,,Hardcover,320,2007.0,2006.0,2017/08/15,2016/04/01,,,read,,,,1,0,Fiction,
41057294,Normal People,Sally Rooney,"Rooney, Sally",,1984822179,9781984822178,4,3.81,Crown,Hardcover,273,2019.0,2018.0,2021/01/07,2021/08/04,,,read,,,,1,0,Fiction,
38746485,Becoming,Michelle Obama,"Obama, Michelle",,1524763136,9781524763138,5,4.44,Crown,Hardcover,426,2018.0,2018.0,2021/04/07,2021/06/23,,,read,,,,1,0,Biography & Autobiography,
28214365,Commonwealth,Ann Patchett,"Patchett, Ann",,62491792,9780062491794,2,3.83,Harper,Hardcover,322,2016.0,2016.0,2019/5/5,2019/06/22,,,read,,,,1,0,Fiction,
40876575,Utopia for Realists: How We Can Build the Ideal World,Rutger Bregman,"Bregman, Rutger",,316471909,9780316471909,4,4.22,"Little, Brown and Company",Kindle Edition,262,2017.0,2014.0,2021/07/20,2021/06/14,,,read,,,,1,0,Business & Economics,
30547646,Why Time Flies: A Mostly Scientific Investigation,Alan Burdick,"Burdick, Alan",,,9781416540274,0,3.42,Simon & Schuster,Hardcover,320,2017.0,2017.0,,2021/06/14,to-read,to-read (#11),to-read,,,,0,0,Biography & Autobiography,
49127718,Anxious People,Fredrik Backman,"Backman, Fredrik",Neil   Smith,,9781982169633,4,4.17,Atria Publishing,Hardcover,336,2019.0,2019.0,2021/06/14,2021/05/19,,,read,,,,1,0,Fiction,
23692271,Sapiens: A Brief History of Humankind,Yuval Noah Harari,"Harari, Yuval Noah",,,,5,4.35,Vintage,Paperback,512,2015.0,2011.0,2021/05/28,2021/05/31,,,read,,,,1,0,History,
37506348,Winners Take All: The Elite Charade of Changing the World,Anand Giridharadas,"Giridharadas, Anand",,451493249,9780451493248,4,4.13,Knopf,Hardcover,288,2018.0,2018.0,2021/06/07,2021/01/15,,,read,,,,1,0,Business & Economics,
43923951,Such a Fun Age,Kiley Reid,"Reid, Kiley",,,9780525541905,4,3.78,G.P. Putnam's Sons,Hardcover,310,2019.0,2019.0,2021/02/07,2021/02/06,,,read,,,,1,0,Fiction,
61535,The Selfish Gene,Richard Dawkins,"Dawkins, Richard",,199291152,9780199291151,0,4.16,Oxford University Press,Paperback,360,2006.0,1976.0,2021/6/14,2020/04/22,,,read,,,,1,0,Science,
4865,How to Win Friends & Influence People,Dale Carnegie,"Carnegie, Dale",,,,4,4.22,Gallery Books,Paperback,288,1998.0,1936.0,2021/8/9,2020/07/06,,,read,,,,1,0,Self-Help,
28587957,Small Great Things,Jodi Picoult,"Picoult, Jodi",,345544951,9780345544957,5,4.36,Ballantine Books,Hardcover,480,2016.0,2016.0,2019/5/2,2020/04/22,,,read,,,,1,0,Fiction,
1885,Pride and Prejudice,Jane Austen,"Austen, Jane",Anna Quindlen,1441341706,9781441341709,5,4.29,Modern Library,Paperback,279,2023.0,1813.0,2014/4/3,2016/04/01,favorites,favorites (#5),read,,,,1,0,Fiction,
1202,Freakonomics: A Rogue Economist Explores the Hidden Side of Everything,Steven D. Levitt,"Levitt, Steven D.",Stephen J. Dubner,61234001,9780061234002,5,4.01,William Morrow,Hardcover,268,2006.0,2005.0,2020/4/6,2018/11/29,favorites,favorites (#4),read,,,,1,0,Business & Economics,
6315775,Mindsight: The New Science of Personal Transformation,Daniel J. Siegel,"Siegel, Daniel J.",,553804707,9780553804706,5,4.14,Bantam,Hardcover,336,2010.0,2009.0,2019/11/2,2020/04/22,favorites,favorites (#2),read,,,,1,0,Science,
3228917,Outliers: The Story of Success,Malcolm Gladwell,"Gladwell, Malcolm",,316017922,9780316017923,5,4.19,"Little, Brown and Company",Hardcover,309,2008.0,2008.0,2020/6/7,2020/05/12,favorites,favorites (#1),read,,,,1,0,Business & Economics,
34890015,Factfulness: Ten Reasons We're Wrong About the World – and Why Things Are Better Than You Think,Hans Rosling,"Rosling, Hans","Ola Rosling, Anna Rosling Rönnlund",1473637465,9781473637467,5,4.36,Sceptre,Hardcover,342,2018.0,2018.0,2020/6/7,2020/05/20,,,read,,,,1,0,Business & Economics,
242472,The Black Swan: The Impact of the Highly Improbable,Nassim Nicholas Taleb,"Taleb, Nassim Nicholas",,1400063515,9781400063512,0,3.96,Random House ,Hardcover,480,2007.0,2007.0,,2020/06/20,to-read,to-read (#10),to-read,,,,0,0,Business & Economics,
49628,Cloud Atlas,David Mitchell,"Mitchell, David",,375507256,9780375507250,0,4.01,Random House,Paperback,509,2004.0,2004.0,,2020/06/09,to-read,to-read (#9),to-read,,,,0,0,Fiction,
50033,Dandelion Wine,Ray Bradbury,"Bradbury, Ray",,671037706,9780671037703,0,4.08,Earthlight (UK) ,Paperback,239,2000.0,1957.0,,2020/06/09,to-read,to-read (#8),to-read,,,,0,0,Fiction,
51014619,Good Economics for Hard Times: Better Answers to Our Biggest Problems,Abhijit V. Banerjee,"Banerjee, Abhijit V.",Esther Duflo,,,0,4.22,PublicAffairs,ebook,417,2019.0,2019.0,,2020/05/19,to-read,to-read (#7),to-read,,,,0,0,Business & Economics,
133518,The Things They Carried,Tim O'Brien,"O'Brien, Tim",,767902890,9780767902892,4,4.14,Broadway,Paperback,246,1998.0,1990.0,2015/1/2,2020/05/15,,,read,,,,1,0,Fiction,
17333223,The Goldfinch,Donna Tartt,"Tartt, Donna",,316055433,9780316055437,2,3.96,"Little, Brown",Hardcover,771,2013.0,2013.0,2018/9/3,2020/05/15,,,read,,,,1,0,Fiction,
656,War and Peace,Leo Tolstoy,"Tolstoy, Leo","Aylmer Maude, Louise Maude",192833987,9780192833983,3,4.16,Oxford University Press,Paperback,1392,1998.0,1869.0,2013/7/12,2020/05/15,,,read,,,,1,0,Fiction,
117833,The Master and Margarita,Mikhail Bulgakov,"Bulgakov, Mikhail","Diana Lewis Burgin, Katherine Tiernan O'Connor, Ellendea Proffer, Hans Fronius, Михаил Афанасьевич Булгаков",679760806,9780679760801,4,4.29,Vintage International,Paperback,372,1996.0,1967.0,2020/6/7,2020/05/15,,,read,,,,1,0,Fiction,
22628,The Perks of Being a Wallflower,Stephen Chbosky,"Chbosky, Stephen",,,,4,4.23,MTV Books/Pocket Books,Hardcover,213,1999.0,1999.0,2017/8/15,2020/05/15,,,read,,,,1,0,Fiction,
2623,Great Expectations,Charles Dickens,"Dickens, Charles","Kate Flint, Margaret Cardwell",192833596,9780192833594,3,3.8,Oxford University Press,Paperback,544,1998.0,1861.0,2013/4/5,2016/04/01,,,read,,,,1,0,Fiction,
960,"Angels & Demons (Robert Langdon, #1)",Dan    Brown,"Brown, Dan",,1416524797,9781416524793,0,3.95,Pocket Books,Paperback,736,2006.0,2000.0,2018/5/5,2020/05/15,,,read,,,,1,0,Fiction,
4671,The Great Gatsby,F. Scott Fitzgerald,"Fitzgerald, F. Scott",,743273567,9780743273565,3,3.93,Scribner,Paperback,180,1925.0,1925.0,2016/7/20,2020/05/15,,,read,,,,1,0,Fiction,
40961427,1984,George Orwell,"Orwell, George",,,,3,4.2,Houghton Mifflin Harcourt,ebook,298,2013.0,1949.0,2016/7/20,2020/05/15,,,read,,,,1,0,Fiction,
91203,Three Comrades,Erich Maria Remarque,"Remarque, Erich Maria",Arthur Wesley Wheen,449912426,9780449912423,0,4.48,Random House Trade Paperbacks,Paperback,496,1998.0,1936.0,,2020/05/15,to-read,to-read (#6),to-read,,,,0,0,Fiction,
7230015,How Bad Are Bananas?: The Carbon Footprint of Everything,Mike Berners-Lee,"Berners-Lee, Mike",,1846688914,9781846688911,3,3.91,Profile Books,Paperback,256,2010.0,2010.0,2016/7/20,2017/08/28,,,read,,,,1,0,Business & Economics,
76620,"Watership Down (Watership Down, #1)",Richard  Adams,"Adams, Richard",,,9780380395866,4,4.09,Avon Books,Mass Market Paperback,478,1975.0,1972.0,2013/6/7,2017/07/12,,,read,,,,1,0,Fiction,
20655234,Freakonomics + Superfreakonomics,Steven D. Levitt,"Levitt, Steven D.","Stephen J. Dubner, Regina Lyra, Afonso Celso da Cunha Serra",8535256083,9788535256086,5,4.28,Campus-Elsevier,Paperback,561,2011.0,2011.0,2020/6/7,2018/11/29,,,read,,,,1,0,Business & Economics,
7247854,"The Disappearing Spoon: And Other True Tales of Madness, Love, and the History of the World from the Periodic Table of the Elements",Sam Kean,"Kean, Sam",,316051640,9780316051644,0,3.93,"Little, Brown and Company",Hardcover,394,2010.0,2010.0,,2020/05/13,to-read,to-read (#5),to-read,,,,0,0,Science,
43697186,Red at the Bone,Jacqueline Woodson,"Woodson, Jacqueline",,525535276,9780525535270,0,3.96,Riverhead Books,Hardcover,196,2019.0,2019.0,,2020/04/28,to-read,to-read (#4),to-read,,,,0,0,Fiction,
1066702,"Set Phasers on Stun: And Other True Tales of Design, Technology, and Human Error",Steven Casey,"Casey, Steven",,963617885,9780963617880,5,4.04,Aegean Pub Co,Hardcover,251,1998.0,1993.0,2016/3/3,2020/04/22,,,read,,,,1,0,Technology & Engineering,
672948,Arch of Triumph: A Novel of a Man Without a Country,Erich Maria Remarque,"Remarque, Erich Maria",,,,5,4.43,Random House Trade Paperbacks,Paperback,464,1998.0,1945.0,2020/6/7,2020/04/22,,,read,,,,1,0,Fiction,
15937108,Counting by 7s,Holly Goldberg Sloan,"Sloan, Holly Goldberg",,803738552,9780803738553,5,4.14,Rocky Pond Books,Hardcover,380,2013.0,2013.0,2018/1/1,2018/11/29,,,read,,,,1,0,Fiction,
34273236,Little Fires Everywhere,Celeste Ng,"Ng, Celeste",,735224293,9780735224292,4,4.07,Penguin Press,Hardcover,338,2017.0,2017.0,2020/6/7,2019/08/11,,,read,,,,1,0,Fiction,
40985740,The Great Pretenders,Laura Kalpakian,"Kalpakian, Laura",,,9781101990186,3,3.73,Penguin Publishing Group,Paperback,400,2019.0,2019.0,2020/6/7,2019/08/21,,,read,,,,1,0,Fiction,
42201996,"Ask Again, Yes",Mary Beth Keane,"Keane, Mary Beth",,1982106980,9781982106980,4,3.93,Scribner,Hardcover,388,2019.0,2019.0,2020/6/7,2020/04/22,,,read,,,,1,0,Fiction,
18774964,A Man Called Ove,Fredrik Backman,"Backman, Fredrik",Henning Koch,1476738017,9781476738017,5,4.38,Atria Books,Hardcover,337,2014.0,2012.0,2020/6/7,2019/06/22,,,read,,,,1,0,Fiction,
20198296,The Story of Sushi: An Unlikely Saga of Raw Fish and Rice,Trevor Corson,"Corson, Trevor",,,,0,3.78,Harper Perennial,Paperback,416,2008.0,2006.0,,2018/12/01,to-read,to-read (#3),to-read,,,,0,0,History,
840,The Design of Everyday Things,Donald A. Norman,"Norman, Donald A.",,465067107,9780465067107,0,4.15,Basic Books,Paperback,257,2002.0,1988.0,2018/5/6,2017/06/03,,,read,,,,1,0,Technology & Engineering,
13590004,Transformative Scenario Planning: Working Together to Change the Future,Adam Kahane,"Kahane, Adam",,1609944909,9781609944902,0,4.05,Berrett-Koehler Publishers,Paperback,152,2012.0,2012.0,2020/6/7,2018/06/05,,,read,,,,0,0,Business & Economics,
28504537,A Field Guide to Lies: Critical Thinking in the Information Age,Daniel J. Levitin,"Levitin, Daniel J.",,525955224,9780525955221,0,3.76,Dutton,Hardcover,292,2016.0,2016.0,,2016/11/11,to-read,to-read (#2),to-read,,,,0,0,Business & Economics,
18373,Flowers for Algernon,Daniel Keyes,"Keyes, Daniel",,,9780156030083,5,4.22,Harvest Books,Mass Market Paperback,311,2004.0,1966.0,2016/3/3,2016/08/03,,,read,,,,1,0,Fiction,
929782,Martin Eden,Jack London,"London, Jack",Andrew Sinclair,,,4,4.48,Penguin,Paperback,480,1994.0,1909.0,2016/07/20,2016/07/07,,,read,,,,1,0,Fiction,
67,The Known World,Edward P. Jones,"Jones, Edward P.",,61159174,9780061159176,0,3.84,Amistad,Paperback,388,2006.0,2003.0,,2016/07/15,to-read,to-read (#1),to-read,,,,0,0,Fiction,
71728,Jonathan Livingston Seagull,Richard Bach,"Bach, Richard",Russell Munson,743278909,9780743278904,5,3.86,Scribner,Paperback,112,2006.0,1970.0,2014/1/2,2016/07/07,,,read,,,,1,0,Fiction,
18053,Meet Mr. Mulliner,P.G. Wodehouse,"Wodehouse, P.G.",,1585672750,9781585672752,4,4.05,The Overlook Press,Hardcover,203,2002.0,1927.0,2013/5/6,2016/04/01,,,read,,,,1,0,Fiction,
5107,The Catcher in the Rye,J.D. Salinger,"Salinger, J.D.",,316769177,9780316769174,4,3.8,Back Bay Books,Paperback,277,2001.0,1951.0,2013/5/5,2016/04/01,,,read,,,,1,0,Fiction,
7144,Crime and Punishment,Fyodor Dostoevsky,"Dostoevsky, Fyodor","Joseph Frank, David McDuff",,,5,4.28,Penguin,Paperback,671,2002.0,1866.0,2013/8/8,2016/04/01,,,read,,,,1,0,Fiction,
13023,Alice in Wonderland,Jane Carruth,"Carruth, Jane","Lewis Carroll, Rene Cloke",517223627,9780517223628,4,4.03,Gramercy,Hardcover,96,2004.0,1865.0,2013/3/3,2016/04/01,,,read,,,,1,0,Fiction,
2165,The Old Man and the Sea,Ernest Hemingway,"Hemingway, Ernest",,684830493,9780684830490,4,3.81,Scribner,Hardcover,96,1996.0,1952.0,2015/5/5,2016/04/01,,,read,,,,1,0,Fiction,
17470674,Fahrenheit 451,Ray Bradbury,"Bradbury, Ray",,7491565,9780007491568,3,3.97,Harper Voyager,Hardcover,227,2013.0,1953.0,2016/10/3,2016/04/01,,,read,,,,1,0,Fiction,